Workbook
Name BestHits: Calc!$B$13
Name ResultCount: Calc!$B$4
Name ScopeChoices: Calc!$M$2:INDEX(Calc!$M$2:$M$501, MAX(1, COUNTA(Calc!$M$2:$M$501)))
Name ScopeOverride: Calc!$B$15
Name SearchBox: Index!$E$6
Name SearchMode: Index!$B$8
Name SelScope: Index!$B$6
Name ShownCount: Calc!$B$5
Name Slicer_Scope_Group: #N/A
Name TermCount: Calc!$B$12
Name TotalDocs: Calc!$B$8
Name VisibleDocs: Calc!$B$14

Sheet Index
B2: AVS DOCUMENT REPOSITORY
B3: =Calc!$B$11 -> Search and browse the Azure VMware Solution document library • 109 documents indexed • 12 scopes
B5: FILTER BY SCOPE | E5: SEARCH
B6: All
B7: WHEN SEARCHING | E7: Type any words: name, type, scope, keywords or description.
B8: Search all scopes
B9: DOCUMENTS BY SCOPE (summary) | E9: =Calc!$B$9 -> 109 documents found across all scopes
B11: SCOPE | C11: DOCS | E11: DOCUMENT NAME | F11: TYPE | G11: SCOPE | H11: DESCRIPTION
B12: =IFERROR(IF(INDEX(Calc!$M$2:$M$501, 1) = "", "", INDEX(Calc!$M$2:$M$501, 1)), "") -> All | C12: =IF($B12 = "", "", IF($B12 = "All", VisibleDocs, IFERROR(SUMPRODUCT(--(tblDocuments[Scope Group] = $B12) * tblDocuments[Visible]), 0))) -> 109 | E12: =IFERROR(IF($K12 = "", "", IF(INDEX(tblDocuments[Link Out], $K12) = "", INDEX(tblDocuments[Display Name], $K12), HYPERLINK(INDEX(tblDocuments[Link Out], $K12), INDEX(tblDocuments[Display Name], $K12)))), "") -> AVS Platform High Level Design | F12: =IFERROR(IF($K12 = "", "", IF(TRIM(INDEX(tblDocuments[Document Type], $K12) & "") = "", "—", TRIM(INDEX(tblDocuments[Document Type], $K12) & ""))), "") -> HLD | G12: =IFERROR(IF($K12 = "", "", INDEX(tblDocuments[Scope Group], $K12)), "") -> Design | H12: =IFERROR(IF($K12 = "", "", IF(TRIM(INDEX(tblDocuments[Description], $K12) & "") = "", "—", IF(LEN(TRIM(INDEX(tblDocuments[Description], $K12) & "")) > 165, LEFT(TRIM(INDEX(tblDocuments[Description], $K12) & ""), 164) & "…", TRIM(INDEX(tblDocuments[Description], $K12) & "")))), "") -> End-to-end high level design for the Azure VMware Solution private cloud landing zone, covering region selection, SDDC sizing and connectivity. | K12: =IFERROR(IF(1 > ResultCount, "", MATCH(LARGE(tblDocuments[Sort Key], 1), tblDocuments[Sort Key], 0)), "") -> 1
B13: =IFERROR(IF(INDEX(Calc!$M$2:$M$501, 2) = "", "", INDEX(Calc!$M$2:$M$501, 2)), "") -> (Unspecified) | C13: =IF($B13 = "", "", IF($B13 = "All", VisibleDocs, IFERROR(SUMPRODUCT(--(tblDocuments[Scope Group] = $B13) * tblDocuments[Visible]), 0))) -> 1 | E13: =IFERROR(IF($K13 = "", "", IF(INDEX(tblDocuments[Link Out], $K13) = "", INDEX(tblDocuments[Display Name], $K13), HYPERLINK(INDEX(tblDocuments[Link Out], $K13), INDEX(tblDocuments[Display Name], $K13)))), "") -> AVS Private Cloud Low Level Design | F13: =IFERROR(IF($K13 = "", "", IF(TRIM(INDEX(tblDocuments[Document Type], $K13) & "") = "", "—", TRIM(INDEX(tblDocuments[Document Type], $K13) & ""))), "") -> LLD | G13: =IFERROR(IF($K13 = "", "", INDEX(tblDocuments[Scope Group], $K13)), "") -> Design | H13: =IFERROR(IF($K13 = "", "", IF(TRIM(INDEX(tblDocuments[Description], $K13) & "") = "", "—", IF(LEN(TRIM(INDEX(tblDocuments[Description], $K13) & "")) > 165, LEFT(TRIM(INDEX(tblDocuments[Description], $K13) & ""), 164) & "…", TRIM(INDEX(tblDocuments[Description], $K13) & "")))), "") -> Detailed build parameters for the production private cloud: cluster layout, host SKU, management network CIDRs and vCenter configuration. | K13: =IFERROR(IF(2 > ResultCount, "", MATCH(LARGE(tblDocuments[Sort Key], 2), tblDocuments[Sort Key], 0)), "") -> 2
B14: =IFERROR(IF(INDEX(Calc!$M$2:$M$501, 3) = "", "", INDEX(Calc!$M$2:$M$501, 3)), "") -> Backup & DR | C14: =IF($B14 = "", "", IF($B14 = "All", VisibleDocs, IFERROR(SUMPRODUCT(--(tblDocuments[Scope Group] = $B14) * tblDocuments[Visible]), 0))) -> 9 | E14: =IFERROR(IF($K14 = "", "", IF(INDEX(tblDocuments[Link Out], $K14) = "", INDEX(tblDocuments[Display Name], $K14), HYPERLINK(INDEX(tblDocuments[Link Out], $K14), INDEX(tblDocuments[Display Name], $K14)))), "") -> AVS Reference Architecture Overview | F14: =IFERROR(IF($K14 = "", "", IF(TRIM(INDEX(tblDocuments[Document Type], $K14) & "") = "", "—", TRIM(INDEX(tblDocuments[Document Type], $K14) & ""))), "") -> Architecture | G14: =IFERROR(IF($K14 = "", "", INDEX(tblDocuments[Scope Group], $K14)), "") -> Design | H14: =IFERROR(IF($K14 = "", "", IF(TRIM(INDEX(tblDocuments[Description], $K14) & "") = "", "—", IF(LEN(TRIM(INDEX(tblDocuments[Description], $K14) & "")) > 165, LEFT(TRIM(INDEX(tblDocuments[Description], $K14) & ""), 164) & "…", TRIM(INDEX(tblDocuments[Description], $K14) & "")))), "") -> Reference architecture describing how AVS integrates with Azure native services, ExpressRoute Global Reach and on-premises vSphere. | K14: =IFERROR(IF(3 > ResultCount, "", MATCH(LARGE(tblDocuments[Sort Key], 3), tblDocuments[Sort Key], 0)), "") -> 3
B15: =IFERROR(IF(INDEX(Calc!$M$2:$M$501, 4) = "", "", INDEX(Calc!$M$2:$M$501, 4)), "") -> Cost | C15: =IF($B15 = "", "", IF($B15 = "All", VisibleDocs, IFERROR(SUMPRODUCT(--(tblDocuments[Scope Group] = $B15) * tblDocuments[Visible]), 0))) -> 5 | E15: =IFERROR(IF($K15 = "", "", IF(INDEX(tblDocuments[Link Out], $K15) = "", INDEX(tblDocuments[Display Name], $K15), HYPERLINK(INDEX(tblDocuments[Link Out], $K15), INDEX(tblDocuments[Display Name], $K15)))), "") -> AVS Logical Architecture Diagram | F15: =IFERROR(IF($K15 = "", "", IF(TRIM(INDEX(tblDocuments[Document Type], $K15) & "") = "", "—", TRIM(INDEX(tblDocuments[Document Type], $K15) & ""))), "") -> Diagram | G15: =IFERROR(IF($K15 = "", "", INDEX(tblDocuments[Scope Group], $K15)), "") -> Design | H15: =IFERROR(IF($K15 = "", "", IF(TRIM(INDEX(tblDocuments[Description], $K15) & "") = "", "—", IF(LEN(TRIM(INDEX(tblDocuments[Description], $K15) & "")) > 165, LEFT(TRIM(INDEX(tblDocuments[Description], $K15) & ""), 164) & "…", TRIM(INDEX(tblDocuments[Description], $K15) & "")))), "") -> Visio source for the logical architecture diagram used across the programme design authority pack. | K15: =IFERROR(IF(4 > ResultCount, "", MATCH(LARGE(tblDocuments[Sort Key], 4), tblDocuments[Sort Key], 0)), "") -> 4
B16: =IFERROR(IF(INDEX(Calc!$M$2:$M$501, 5) = "", "", INDEX(Calc!$M$2:$M$501, 5)), "") -> Design | C16: =IF($B16 = "", "", IF($B16 = "All", VisibleDocs, IFERROR(SUMPRODUCT(--(tblDocuments[Scope Group] = $B16) * tblDocuments[Visible]), 0))) -> 12 | E16: =IFERROR(IF($K16 = "", "", IF(INDEX(tblDocuments[Link Out], $K16) = "", INDEX(tblDocuments[Display Name], $K16), HYPERLINK(INDEX(tblDocuments[Link Out], $K16), INDEX(tblDocuments[Display Name], $K16)))), "") -> ADR-014 Host SKU Selection AV36P vs AV52 | F16: =IFERROR(IF($K16 = "", "", IF(TRIM(INDEX(tblDocuments[Document Type], $K16) & "") = "", "—", TRIM(INDEX(tblDocuments[Document Type], $K16) & ""))), "") -> Decision Record | G16: =IFERROR(IF($K16 = "", "", INDEX(tblDocuments[Scope Group], $K16)), "") -> Design | H16: =IFERROR(IF($K16 = "", "", IF(TRIM(INDEX(tblDocuments[Description], $K16) & "") = "", "—", IF(LEN(TRIM(INDEX(tblDocuments[Description], $K16) & "")) > 165, LEFT(TRIM(INDEX(tblDocuments[Description], $K16) & ""), 164) & "…", TRIM(INDEX(tblDocuments[Description], $K16) & "")))), "") -> Architecture decision record capturing the comparison and final selection of the AV36P host SKU for the production estate. | K16: =IFERROR(IF(5 > ResultCount, "", MATCH(LARGE(tblDocuments[Sort Key], 5), tblDocuments[Sort Key], 0)), "") -> 5
B17: =IFERROR(IF(INDEX(Calc!$M$2:$M$501, 6) = "", "", INDEX(Calc!$M$2:$M$501, 6)), "") -> Governance | C17: =IF($B17 = "", "", IF($B17 = "All", VisibleDocs, IFERROR(SUMPRODUCT(--(tblDocuments[Scope Group] = $B17) * tblDocuments[Visible]), 0))) -> 7 | E17: =IFERROR(IF($K17 = "", "", IF(INDEX(tblDocuments[Link Out], $K17) = "", INDEX(tblDocuments[Display Name], $K17), HYPERLINK(INDEX(tblDocuments[Link Out], $K17), INDEX(tblDocuments[Display Name], $K17)))), "") -> AVS Sizing and Capacity Assessment | F17: =IFERROR(IF($K17 = "", "", IF(TRIM(INDEX(tblDocuments[Document Type], $K17) & "") = "", "—", TRIM(INDEX(tblDocuments[Document Type], $K17) & ""))), "") -> Assessment | G17: =IFERROR(IF($K17 = "", "", INDEX(tblDocuments[Scope Group], $K17)), "") -> Design | H17: =IFERROR(IF($K17 = "", "", IF(TRIM(INDEX(tblDocuments[Description], $K17) & "") = "", "—", IF(LEN(TRIM(INDEX(tblDocuments[Description], $K17) & "")) > 165, LEFT(TRIM(INDEX(tblDocuments[Description], $K17) & ""), 164) & "…", TRIM(INDEX(tblDocuments[Description], $K17) & "")))), "") -> Capacity model translating the discovered on-premises estate into required AVS node counts, including growth and slack assumptions. | K17: =IFERROR(IF(6 > ResultCount, "", MATCH(LARGE(tblDocuments[Sort Key], 6), tblDocuments[Sort Key], 0)), "") -> 6
B18: =IFERROR(IF(INDEX(Calc!$M$2:$M$501, 7) = "", "", INDEX(Calc!$M$2:$M$501, 7)), "") -> Identity | C18: =IF($B18 = "", "", IF($B18 = "All", VisibleDocs, IFERROR(SUMPRODUCT(--(tblDocuments[Scope Group] = $B18) * tblDocuments[Visible]), 0))) -> 6 | E18: =IFERROR(IF($K18 = "", "", IF(INDEX(tblDocuments[Link Out], $K18) = "", INDEX(tblDocuments[Display Name], $K18), HYPERLINK(INDEX(tblDocuments[Link Out], $K18), INDEX(tblDocuments[Display Name], $K18)))), "") -> Stretched Clusters for AVS Explained | F18: =IFERROR(IF($K18 = "", "", IF(TRIM(INDEX(tblDocuments[Document Type], $K18) & "") = "", "—", TRIM(INDEX(tblDocuments[Document Type], $K18) & ""))), "") -> Whitepaper | G18: =IFERROR(IF($K18 = "", "", INDEX(tblDocuments[Scope Group], $K18)), "") -> Design | H18: =IFERROR(IF($K18 = "", "", IF(TRIM(INDEX(tblDocuments[Description], $K18) & "") = "", "—", IF(LEN(TRIM(INDEX(tblDocuments[Description], $K18) & "")) > 165, LEFT(TRIM(INDEX(tblDocuments[Description], $K18) & ""), 164) & "…", TRIM(INDEX(tblDocuments[Description], $K18) & "")))), "") -> Whitepaper on stretched cluster availability zones in AVS, the SLA implications and when the pattern is appropriate. | K18: =IFERROR(IF(7 > ResultCount, "", MATCH(LARGE(tblDocuments[Sort Key], 7), tblDocuments[Sort Key], 0)), "") -> 7
B19: =IFERROR(IF(INDEX(Calc!$M$2:$M$501, 8) = "", "", INDEX(Calc!$M$2:$M$501, 8)), "") -> Migration | C19: =IF($B19 = "", "", IF($B19 = "All", VisibleDocs, IFERROR(SUMPRODUCT(--(tblDocuments[Scope Group] = $B19) * tblDocuments[Visible]), 0))) -> 15 | E19: =IFERROR(IF($K19 = "", "", IF(INDEX(tblDocuments[Link Out], $K19) = "", INDEX(tblDocuments[Display Name], $K19), HYPERLINK(INDEX(tblDocuments[Link Out], $K19), INDEX(tblDocuments[Display Name], $K19)))), "") -> AVS Landing Zone Accelerator Walkthrough | F19: =IFERROR(IF($K19 = "", "", IF(TRIM(INDEX(tblDocuments[Document Type], $K19) & "") = "", "—", TRIM(INDEX(tblDocuments[Document Type], $K19) & ""))), "") -> Guide | G19: =IFERROR(IF($K19 = "", "", INDEX(tblDocuments[Scope Group], $K19)), "") -> Design | H19: =IFERROR(IF($K19 = "", "", IF(TRIM(INDEX(tblDocuments[Description], $K19) & "") = "", "—", IF(LEN(TRIM(INDEX(tblDocuments[Description], $K19) & "")) > 165, LEFT(TRIM(INDEX(tblDocuments[Description], $K19) & ""), 164) & "…", TRIM(INDEX(tblDocuments[Description], $K19) & "")))), "") -> Walkthrough of the Microsoft AVS landing zone accelerator and the deltas applied for this programme. | K19: =IFERROR(IF(8 > ResultCount, "", MATCH(LARGE(tblDocuments[Sort Key], 8), tblDocuments[Sort Key], 0)), "") -> 8
B20: =IFERROR(IF(INDEX(Calc!$M$2:$M$501, 9) = "", "", INDEX(Calc!$M$2:$M$501, 9)), "") -> Network | C20: =IF($B20 = "", "", IF($B20 = "All", VisibleDocs, IFERROR(SUMPRODUCT(--(tblDocuments[Scope Group] = $B20) * tblDocuments[Visible]), 0))) -> 17 | E20: =IFERROR(IF($K20 = "", "", IF(INDEX(tblDocuments[Link Out], $K20) = "", INDEX(tblDocuments[Display Name], $K20), HYPERLINK(INDEX(tblDocuments[Link Out], $K20), INDEX(tblDocuments[Display Name], $K20)))), "") -> Hybrid Connectivity High Level Design | F20: =IFERROR(IF($K20 = "", "", IF(TRIM(INDEX(tblDocuments[Document Type], $K20) & "") = "", "—", TRIM(INDEX(tblDocuments[Document Type], $K20) & ""))), "") -> HLD | G20: =IFERROR(IF($K20 = "", "", INDEX(tblDocuments[Scope Group], $K20)), "") -> Design | H20: =IFERROR(IF($K20 = "", "", IF(TRIM(INDEX(tblDocuments[Description], $K20) & "") = "", "—", IF(LEN(TRIM(INDEX(tblDocuments[Description], $K20) & "")) > 165, LEFT(TRIM(INDEX(tblDocuments[Description], $K20) & ""), 164) & "…", TRIM(INDEX(tblDocuments[Description], $K20) & "")))), "") -> High level design for hybrid connectivity between on-premises datacentres, Azure regions and the AVS private clouds. | K20: =IFERROR(IF(9 > ResultCount, "", MATCH(LARGE(tblDocuments[Sort Key], 9), tblDocuments[Sort Key], 0)), "") -> 9
B21: =IFERROR(IF(INDEX(Calc!$M$2:$M$501, 10) = "", "", INDEX(Calc!$M$2:$M$501, 10)), "") -> Operations | C21: =IF($B21 = "", "", IF($B21 = "All", VisibleDocs, IFERROR(SUMPRODUCT(--(tblDocuments[Scope Group] = $B21) * tblDocuments[Visible]), 0))) -> 14 | E21: =IFERROR(IF($K21 = "", "", IF(INDEX(tblDocuments[Link Out], $K21) = "", INDEX(tblDocuments[Display Name], $K21), HYPERLINK(INDEX(tblDocuments[Link Out], $K21), INDEX(tblDocuments[Display Name], $K21)))), "") -> Design Document Template | F21: =IFERROR(IF($K21 = "", "", IF(TRIM(INDEX(tblDocuments[Document Type], $K21) & "") = "", "—", TRIM(INDEX(tblDocuments[Document Type], $K21) & ""))), "") -> Template | G21: =IFERROR(IF($K21 = "", "", INDEX(tblDocuments[Scope Group], $K21)), "") -> Design | H21: =IFERROR(IF($K21 = "", "", IF(TRIM(INDEX(tblDocuments[Description], $K21) & "") = "", "—", IF(LEN(TRIM(INDEX(tblDocuments[Description], $K21) & "")) > 165, LEFT(TRIM(INDEX(tblDocuments[Description], $K21) & ""), 164) & "…", TRIM(INDEX(tblDocuments[Description], $K21) & "")))), "") -> Programme standard template for HLD and LLD deliverables including the mandatory design decision and assumption tables. | K21: =IFERROR(IF(10 > ResultCount, "", MATCH(LARGE(tblDocuments[Sort Key], 10), tblDocuments[Sort Key], 0)), "") -> 10
B22: =IFERROR(IF(INDEX(Calc!$M$2:$M$501, 11) = "", "", INDEX(Calc!$M$2:$M$501, 11)), "") -> Security | C22: =IF($B22 = "", "", IF($B22 = "All", VisibleDocs, IFERROR(SUMPRODUCT(--(tblDocuments[Scope Group] = $B22) * tblDocuments[Visible]), 0))) -> 12 | E22: =IFERROR(IF($K22 = "", "", IF(INDEX(tblDocuments[Link Out], $K22) = "", INDEX(tblDocuments[Display Name], $K22), HYPERLINK(INDEX(tblDocuments[Link Out], $K22), INDEX(tblDocuments[Display Name], $K22)))), "") -> AVS Well Architected Review Findings | F22: =IFERROR(IF($K22 = "", "", IF(TRIM(INDEX(tblDocuments[Document Type], $K22) & "") = "", "—", TRIM(INDEX(tblDocuments[Document Type], $K22) & ""))), "") -> Report | G22: =IFERROR(IF($K22 = "", "", INDEX(tblDocuments[Scope Group], $K22)), "") -> Design | H22: =IFERROR(IF($K22 = "", "", IF(TRIM(INDEX(tblDocuments[Description], $K22) & "") = "", "—", IF(LEN(TRIM(INDEX(tblDocuments[Description], $K22) & "")) > 165, LEFT(TRIM(INDEX(tblDocuments[Description], $K22) & ""), 164) & "…", TRIM(INDEX(tblDocuments[Description], $K22) & "")))), "") -> Findings and prioritised recommendations from the Well Architected Framework review of the AVS platform. | K22: =IFERROR(IF(11 > ResultCount, "", MATCH(LARGE(tblDocuments[Sort Key], 11), tblDocuments[Sort Key], 0)), "") -> 11
B23: =IFERROR(IF(INDEX(Calc!$M$2:$M$501, 12) = "", "", INDEX(Calc!$M$2:$M$501, 12)), "") -> Storage | C23: =IF($B23 = "", "", IF($B23 = "All", VisibleDocs, IFERROR(SUMPRODUCT(--(tblDocuments[Scope Group] = $B23) * tblDocuments[Visible]), 0))) -> 6 | E23: =IFERROR(IF($K23 = "", "", IF(INDEX(tblDocuments[Link Out], $K23) = "", INDEX(tblDocuments[Display Name], $K23), HYPERLINK(INDEX(tblDocuments[Link Out], $K23), INDEX(tblDocuments[Display Name], $K23)))), "") -> AVS Migration Strategy and Approach | F23: =IFERROR(IF($K23 = "", "", IF(TRIM(INDEX(tblDocuments[Document Type], $K23) & "") = "", "—", TRIM(INDEX(tblDocuments[Document Type], $K23) & ""))), "") -> Strategy | G23: =IFERROR(IF($K23 = "", "", INDEX(tblDocuments[Scope Group], $K23)), "") -> Migration | H23: =IFERROR(IF($K23 = "", "", IF(TRIM(INDEX(tblDocuments[Description], $K23) & "") = "", "—", IF(LEN(TRIM(INDEX(tblDocuments[Description], $K23) & "")) > 165, LEFT(TRIM(INDEX(tblDocuments[Description], $K23) & ""), 164) & "…", TRIM(INDEX(tblDocuments[Description], $K23) & "")))), "") -> Overall migration strategy covering wave planning, the 6R disposition model and the cutover governance model. | K23: =IFERROR(IF(12 > ResultCount, "", MATCH(LARGE(tblDocuments[Sort Key], 12), tblDocuments[Sort Key], 0)), "") -> 12
B24: =IFERROR(IF(INDEX(Calc!$M$2:$M$501, 13) = "", "", INDEX(Calc!$M$2:$M$501, 13)), "") -> Training | C24: =IF($B24 = "", "", IF($B24 = "All", VisibleDocs, IFERROR(SUMPRODUCT(--(tblDocuments[Scope Group] = $B24) * tblDocuments[Visible]), 0))) -> 5 | E24: =IFERROR(IF($K24 = "", "", IF(INDEX(tblDocuments[Link Out], $K24) = "", INDEX(tblDocuments[Display Name], $K24), HYPERLINK(INDEX(tblDocuments[Link Out], $K24), INDEX(tblDocuments[Display Name], $K24)))), "") -> HCX Bulk Migration Runbook | F24: =IFERROR(IF($K24 = "", "", IF(TRIM(INDEX(tblDocuments[Document Type], $K24) & "") = "", "—", TRIM(INDEX(tblDocuments[Document Type], $K24) & ""))), "") -> Runbook | G24: =IFERROR(IF($K24 = "", "", INDEX(tblDocuments[Scope Group], $K24)), "") -> Migration | H24: =IFERROR(IF($K24 = "", "", IF(TRIM(INDEX(tblDocuments[Description], $K24) & "") = "", "—", IF(LEN(TRIM(INDEX(tblDocuments[Description], $K24) & "")) > 165, LEFT(TRIM(INDEX(tblDocuments[Description], $K24) & ""), 164) & "…", TRIM(INDEX(tblDocuments[Description], $K24) & "")))), "") -> Step by step runbook for executing an HCX bulk migration wave, including pre-checks, execution and post-migration validation. | K24: =IFERROR(IF(13 > ResultCount, "", MATCH(LARGE(tblDocuments[Sort Key], 13), tblDocuments[Sort Key], 0)), "") -> 13
B25: =IFERROR(IF(INDEX(Calc!$M$2:$M$501, 14) = "", "", INDEX(Calc!$M$2:$M$501, 14)), "") | C25: =IF($B25 = "", "", IF($B25 = "All", VisibleDocs, IFERROR(SUMPRODUCT(--(tblDocuments[Scope Group] = $B25) * tblDocuments[Visible]), 0))) | E25: =IFERROR(IF($K25 = "", "", IF(INDEX(tblDocuments[Link Out], $K25) = "", INDEX(tblDocuments[Display Name], $K25), HYPERLINK(INDEX(tblDocuments[Link Out], $K25), INDEX(tblDocuments[Display Name], $K25)))), "") -> HCX vMotion Live Migration Runbook | F25: =IFERROR(IF($K25 = "", "", IF(TRIM(INDEX(tblDocuments[Document Type], $K25) & "") = "", "—", TRIM(INDEX(tblDocuments[Document Type], $K25) & ""))), "") -> Runbook | G25: =IFERROR(IF($K25 = "", "", INDEX(tblDocuments[Scope Group], $K25)), "") -> Migration | H25: =IFERROR(IF($K25 = "", "", IF(TRIM(INDEX(tblDocuments[Description], $K25) & "") = "", "—", IF(LEN(TRIM(INDEX(tblDocuments[Description], $K25) & "")) > 165, LEFT(TRIM(INDEX(tblDocuments[Description], $K25) & ""), 164) & "…", TRIM(INDEX(tblDocuments[Description], $K25) & "")))), "") -> Runbook for zero downtime live migration of tier 1 workloads using HCX vMotion. | K25: =IFERROR(IF(14 > ResultCount, "", MATCH(LARGE(tblDocuments[Sort Key], 14), tblDocuments[Sort Key], 0)), "") -> 14
B26: =IFERROR(IF(INDEX(Calc!$M$2:$M$501, 15) = "", "", INDEX(Calc!$M$2:$M$501, 15)), "") | C26: =IF($B26 = "", "", IF($B26 = "All", VisibleDocs, IFERROR(SUMPRODUCT(--(tblDocuments[Scope Group] = $B26) * tblDocuments[Visible]), 0))) | E26: =IFERROR(IF($K26 = "", "", IF(INDEX(tblDocuments[Link Out], $K26) = "", INDEX(tblDocuments[Display Name], $K26), HYPERLINK(INDEX(tblDocuments[Link Out], $K26), INDEX(tblDocuments[Display Name], $K26)))), "") -> VMware HCX Deployment and Configuration Guide | F26: =IFERROR(IF($K26 = "", "", IF(TRIM(INDEX(tblDocuments[Document Type], $K26) & "") = "", "—", TRIM(INDEX(tblDocuments[Document Type], $K26) & ""))), "") -> Guide | G26: =IFERROR(IF($K26 = "", "", INDEX(tblDocuments[Scope Group], $K26)), "") -> Migration | H26: =IFERROR(IF($K26 = "", "", IF(TRIM(INDEX(tblDocuments[Description], $K26) & "") = "", "—", IF(LEN(TRIM(INDEX(tblDocuments[Description], $K26) & "")) > 165, LEFT(TRIM(INDEX(tblDocuments[Description], $K26) & ""), 164) & "…", TRIM(INDEX(tblDocuments[Description], $K26) & "")))), "") -> Deployment guide for HCX Connector and HCX Cloud Manager, service mesh creation and network extension setup. | K26: =IFERROR(IF(15 > ResultCount, "", MATCH(LARGE(tblDocuments[Sort Key], 15), tblDocuments[Sort Key], 0)), "") -> 15
B27: =IFERROR(IF(INDEX(Calc!$M$2:$M$501, 16) = "", "", INDEX(Calc!$M$2:$M$501, 16)), "") | C27: =IF($B27 = "", "", IF($B27 = "All", VisibleDocs, IFERROR(SUMPRODUCT(--(tblDocuments[Scope Group] = $B27) * tblDocuments[Visible]), 0))) | E27: =IFERROR(IF($K27 = "", "", IF(INDEX(tblDocuments[Link Out], $K27) = "", INDEX(tblDocuments[Display Name], $K27), HYPERLINK(INDEX(tblDocuments[Link Out], $K27), INDEX(tblDocuments[Display Name], $K27)))), "") -> Migration Wave Readiness Checklist | F27: =IFERROR(IF($K27 = "", "", IF(TRIM(INDEX(tblDocuments[Document Type], $K27) & "") = "", "—", TRIM(INDEX(tblDocuments[Document Type], $K27) & ""))), "") -> Checklist | G27: =IFERROR(IF($K27 = "", "", INDEX(tblDocuments[Scope Group], $K27)), "") -> Migration | H27: =IFERROR(IF($K27 = "", "", IF(TRIM(INDEX(tblDocuments[Description], $K27) & "") = "", "—", IF(LEN(TRIM(INDEX(tblDocuments[Description], $K27) & "")) > 165, LEFT(TRIM(INDEX(tblDocuments[Description], $K27) & ""), 164) & "…", TRIM(INDEX(tblDocuments[Description], $K27) & "")))), "") -> Go/no-go checklist completed before each migration wave is authorised to proceed. | K27: =IFERROR(IF(16 > ResultCount, "", MATCH(LARGE(tblDocuments[Sort Key], 16), tblDocuments[Sort Key], 0)), "") -> 16
B28: =IFERROR(IF(INDEX(Calc!$M$2:$M$501, 17) = "", "", INDEX(Calc!$M$2:$M$501, 17)), "") | C28: =IF($B28 = "", "", IF($B28 = "All", VisibleDocs, IFERROR(SUMPRODUCT(--(tblDocuments[Scope Group] = $B28) * tblDocuments[Visible]), 0))) | E28: =IFERROR(IF($K28 = "", "", IF(INDEX(tblDocuments[Link Out], $K28) = "", INDEX(tblDocuments[Display Name], $K28), HYPERLINK(INDEX(tblDocuments[Link Out], $K28), INDEX(tblDocuments[Display Name], $K28)))), "") -> Migration Wave Plan and Schedule | F28: =IFERROR(IF($K28 = "", "", IF(TRIM(INDEX(tblDocuments[Document Type], $K28) & "") = "", "—", TRIM(INDEX(tblDocuments[Document Type], $K28) & ""))), "") -> Plan | G28: =IFERROR(IF($K28 = "", "", INDEX(tblDocuments[Scope Group], $K28)), "") -> Migration | H28: =IFERROR(IF($K28 = "", "", IF(TRIM(INDEX(tblDocuments[Description], $K28) & "") = "", "—", IF(LEN(TRIM(INDEX(tblDocuments[Description], $K28) & "")) > 165, LEFT(TRIM(INDEX(tblDocuments[Description], $K28) & ""), 164) & "…", TRIM(INDEX(tblDocuments[Description], $K28) & "")))), "") -> Master wave plan listing application groupings, target dates, owners and dependencies for all migration waves. | K28: =IFERROR(IF(17 > ResultCount, "", MATCH(LARGE(tblDocuments[Sort Key], 17), tblDocuments[Sort Key], 0)), "") -> 17
B29: =IFERROR(IF(INDEX(Calc!$M$2:$M$501, 18) = "", "", INDEX(Calc!$M$2:$M$501, 18)), "") | C29: =IF($B29 = "", "", IF($B29 = "All", VisibleDocs, IFERROR(SUMPRODUCT(--(tblDocuments[Scope Group] = $B29) * tblDocuments[Visible]), 0))) | E29: =IFERROR(IF($K29 = "", "", IF(INDEX(tblDocuments[Link Out], $K29) = "", INDEX(tblDocuments[Display Name], $K29), HYPERLINK(INDEX(tblDocuments[Link Out], $K29), INDEX(tblDocuments[Display Name], $K29)))), "") -> Azure Migrate Discovery Report | F29: =IFERROR(IF($K29 = "", "", IF(TRIM(INDEX(tblDocuments[Document Type], $K29) & "") = "", "—", TRIM(INDEX(tblDocuments[Document Type], $K29) & ""))), "") -> Assessment | G29: =IFERROR(IF($K29 = "", "", INDEX(tblDocuments[Scope Group], $K29)), "") -> Migration | H29: =IFERROR(IF($K29 = "", "", IF(TRIM(INDEX(tblDocuments[Description], $K29) & "") = "", "—", IF(LEN(TRIM(INDEX(tblDocuments[Description], $K29) & "")) > 165, LEFT(TRIM(INDEX(tblDocuments[Description], $K29) & ""), 164) & "…", TRIM(INDEX(tblDocuments[Description], $K29) & "")))), "") -> Discovery and dependency mapping output from Azure Migrate for the in-scope on-premises estate. | K29: =IFERROR(IF(18 > ResultCount, "", MATCH(LARGE(tblDocuments[Sort Key], 18), tblDocuments[Sort Key], 0)), "") -> 18
B30: =IFERROR(IF(INDEX(Calc!$M$2:$M$501, 19) = "", "", INDEX(Calc!$M$2:$M$501, 19)), "") | C30: =IF($B30 = "", "", IF($B30 = "All", VisibleDocs, IFERROR(SUMPRODUCT(--(tblDocuments[Scope Group] = $B30) * tblDocuments[Visible]), 0))) | E30: =IFERROR(IF($K30 = "", "", IF(INDEX(tblDocuments[Link Out], $K30) = "", INDEX(tblDocuments[Display Name], $K30), HYPERLINK(INDEX(tblDocuments[Link Out], $K30), INDEX(tblDocuments[Display Name], $K30)))), "") -> Application Cutover Runbook Template | F30: =IFERROR(IF($K30 = "", "", IF(TRIM(INDEX(tblDocuments[Document Type], $K30) & "") = "", "—", TRIM(INDEX(tblDocuments[Document Type], $K30) & ""))), "") -> Runbook | G30: =IFERROR(IF($K30 = "", "", INDEX(tblDocuments[Scope Group], $K30)), "") -> Migration | H30: =IFERROR(IF($K30 = "", "", IF(TRIM(INDEX(tblDocuments[Description], $K30) & "") = "", "—", IF(LEN(TRIM(INDEX(tblDocuments[Description], $K30) & "")) > 165, LEFT(TRIM(INDEX(tblDocuments[Description], $K30) & ""), 164) & "…", TRIM(INDEX(tblDocuments[Description], $K30) & "")))), "") -> Reusable cutover runbook template covering freeze, migrate, validate, smoke test and rollback steps. | K30: =IFERROR(IF(19 > ResultCount, "", MATCH(LARGE(tblDocuments[Sort Key], 19), tblDocuments[Sort Key], 0)), "") -> 19
B31: =IFERROR(IF(INDEX(Calc!$M$2:$M$501, 20) = "", "", INDEX(Calc!$M$2:$M$501, 20)), "") | C31: =IF($B31 = "", "", IF($B31 = "All", VisibleDocs, IFERROR(SUMPRODUCT(--(tblDocuments[Scope Group] = $B31) * tblDocuments[Visible]), 0))) | E31: =IFERROR(IF($K31 = "", "", IF(INDEX(tblDocuments[Link Out], $K31) = "", INDEX(tblDocuments[Display Name], $K31), HYPERLINK(INDEX(tblDocuments[Link Out], $K31), INDEX(tblDocuments[Display Name], $K31)))), "") -> Rollback Procedure for Failed Migrations | F31: =IFERROR(IF($K31 = "", "", IF(TRIM(INDEX(tblDocuments[Document Type], $K31) & "") = "", "—", TRIM(INDEX(tblDocuments[Document Type], $K31) & ""))), "") -> SOP | G31: =IFERROR(IF($K31 = "", "", INDEX(tblDocuments[Scope Group], $K31)), "") -> Migration | H31: =IFERROR(IF($K31 = "", "", IF(TRIM(INDEX(tblDocuments[Description], $K31) & "") = "", "—", IF(LEN(TRIM(INDEX(tblDocuments[Description], $K31) & "")) > 165, LEFT(TRIM(INDEX(tblDocuments[Description], $K31) & ""), 164) & "…", TRIM(INDEX(tblDocuments[Description], $K31) & "")))), "") -> Standard operating procedure for rolling a workload back to the source vSphere estate after a failed migration. | K31: =IFERROR(IF(20 > ResultCount, "", MATCH(LARGE(tblDocuments[Sort Key], 20), tblDocuments[Sort Key], 0)), "") -> 20
B32: =IFERROR(IF(INDEX(Calc!$M$2:$M$501, 21) = "", "", INDEX(Calc!$M$2:$M$501, 21)), "") | C32: =IF($B32 = "", "", IF($B32 = "All", VisibleDocs, IFERROR(SUMPRODUCT(--(tblDocuments[Scope Group] = $B32) * tblDocuments[Visible]), 0))) | E32: =IFERROR(IF($K32 = "", "", IF(INDEX(tblDocuments[Link Out], $K32) = "", INDEX(tblDocuments[Display Name], $K32), HYPERLINK(INDEX(tblDocuments[Link Out], $K32), INDEX(tblDocuments[Display Name], $K32)))), "") -> Cold Migration and OVF Import Guide | F32: =IFERROR(IF($K32 = "", "", IF(TRIM(INDEX(tblDocuments[Document Type], $K32) & "") = "", "—", TRIM(INDEX(tblDocuments[Document Type], $K32) & ""))), "") -> Guide | G32: =IFERROR(IF($K32 = "", "", INDEX(tblDocuments[Scope Group], $K32)), "") -> Migration | H32: =IFERROR(IF($K32 = "", "", IF(TRIM(INDEX(tblDocuments[Description], $K32) & "") = "", "—", IF(LEN(TRIM(INDEX(tblDocuments[Description], $K32) & "")) > 165, LEFT(TRIM(INDEX(tblDocuments[Description], $K32) & ""), 164) & "…", TRIM(INDEX(tblDocuments[Description], $K32) & "")))), "") -> Guide for migrating powered-off workloads and appliance imports using cold migration and OVF/OVA import. | K32: =IFERROR(IF(21 > ResultCount, "", MATCH(LARGE(tblDocuments[Sort Key], 21), tblDocuments[Sort Key], 0)), "") -> 21
B33: =IFERROR(IF(INDEX(Calc!$M$2:$M$501, 22) = "", "", INDEX(Calc!$M$2:$M$501, 22)), "") | C33: =IF($B33 = "", "", IF($B33 = "All", VisibleDocs, IFERROR(SUMPRODUCT(--(tblDocuments[Scope Group] = $B33) * tblDocuments[Visible]), 0))) | E33: =IFERROR(IF($K33 = "", "", IF(INDEX(tblDocuments[Link Out], $K33) = "", INDEX(tblDocuments[Display Name], $K33), HYPERLINK(INDEX(tblDocuments[Link Out], $K33), INDEX(tblDocuments[Display Name], $K33)))), "") -> Migration Wave 3 Closure Report | F33: =IFERROR(IF($K33 = "", "", IF(TRIM(INDEX(tblDocuments[Document Type], $K33) & "") = "", "—", TRIM(INDEX(tblDocuments[Document Type], $K33) & ""))), "") -> Report | G33: =IFERROR(IF($K33 = "", "", INDEX(tblDocuments[Scope Group], $K33)), "") -> Migration | H33: =IFERROR(IF($K33 = "", "", IF(TRIM(INDEX(tblDocuments[Description], $K33) & "") = "", "—", IF(LEN(TRIM(INDEX(tblDocuments[Description], $K33) & "")) > 165, LEFT(TRIM(INDEX(tblDocuments[Description], $K33) & ""), 164) & "…", TRIM(INDEX(tblDocuments[Description], $K33) & "")))), "") -> Closure report for wave 3 including migrated workload counts, defects raised and lessons learned. | K33: =IFERROR(IF(22 > ResultCount, "", MATCH(LARGE(tblDocuments[Sort Key], 22), tblDocuments[Sort Key], 0)), "") -> 22
B34: =IFERROR(IF(INDEX(Calc!$M$2:$M$501, 23) = "", "", INDEX(Calc!$M$2:$M$501, 23)), "") | C34: =IF($B34 = "", "", IF($B34 = "All", VisibleDocs, IFERROR(SUMPRODUCT(--(tblDocuments[Scope Group] = $B34) * tblDocuments[Visible]), 0))) | E34: =IFERROR(IF($K34 = "", "", IF(INDEX(tblDocuments[Link Out], $K34) = "", INDEX(tblDocuments[Display Name], $K34), HYPERLINK(INDEX(tblDocuments[Link Out], $K34), INDEX(tblDocuments[Display Name], $K34)))), "") -> Migration FAQ for Application Owners | F34: =IFERROR(IF($K34 = "", "", IF(TRIM(INDEX(tblDocuments[Document Type], $K34) & "") = "", "—", TRIM(INDEX(tblDocuments[Document Type], $K34) & ""))), "") -> FAQ | G34: =IFERROR(IF($K34 = "", "", INDEX(tblDocuments[Scope Group], $K34)), "") -> Migration | H34: =IFERROR(IF($K34 = "", "", IF(TRIM(INDEX(tblDocuments[Description], $K34) & "") = "", "—", IF(LEN(TRIM(INDEX(tblDocuments[Description], $K34) & "")) > 165, LEFT(TRIM(INDEX(tblDocuments[Description], $K34) & ""), 164) & "…", TRIM(INDEX(tblDocuments[Description], $K34) & "")))), "") -> Frequently asked questions aimed at application owners preparing their workloads for migration to AVS. | K34: =IFERROR(IF(23 > ResultCount, "", MATCH(LARGE(tblDocuments[Sort Key], 23), tblDocuments[Sort Key], 0)), "") -> 23
B35: =IFERROR(IF(INDEX(Calc!$M$2:$M$501, 24) = "", "", INDEX(Calc!$M$2:$M$501, 24)), "") | C35: =IF($B35 = "", "", IF($B35 = "All", VisibleDocs, IFERROR(SUMPRODUCT(--(tblDocuments[Scope Group] = $B35) * tblDocuments[Visible]), 0))) | E35: =IFERROR(IF($K35 = "", "", IF(INDEX(tblDocuments[Link Out], $K35) = "", INDEX(tblDocuments[Display Name], $K35), HYPERLINK(INDEX(tblDocuments[Link Out], $K35), INDEX(tblDocuments[Display Name], $K35)))), "") -> Physical to Virtual Server Conversion Guide | F35: =IFERROR(IF($K35 = "", "", IF(TRIM(INDEX(tblDocuments[Document Type], $K35) & "") = "", "—", TRIM(INDEX(tblDocuments[Document Type], $K35) & ""))), "") -> Guide | G35: =IFERROR(IF($K35 = "", "", INDEX(tblDocuments[Scope Group], $K35)), "") -> Migration | H35: =IFERROR(IF($K35 = "", "", IF(TRIM(INDEX(tblDocuments[Description], $K35) & "") = "", "—", IF(LEN(TRIM(INDEX(tblDocuments[Description], $K35) & "")) > 165, LEFT(TRIM(INDEX(tblDocuments[Description], $K35) & ""), 164) & "…", TRIM(INDEX(tblDocuments[Description], $K35) & "")))), "") -> Guide for converting remaining physical servers into virtual machines prior to migration into AVS. | K35: =IFERROR(IF(24 > ResultCount, "", MATCH(LARGE(tblDocuments[Sort Key], 24), tblDocuments[Sort Key], 0)), "") -> 24
E36: =IFERROR(IF($K36 = "", "", IF(INDEX(tblDocuments[Link Out], $K36) = "", INDEX(tblDocuments[Display Name], $K36), HYPERLINK(INDEX(tblDocuments[Link Out], $K36), INDEX(tblDocuments[Display Name], $K36)))), "") -> Post Migration Validation Checklist | F36: =IFERROR(IF($K36 = "", "", IF(TRIM(INDEX(tblDocuments[Document Type], $K36) & "") = "", "—", TRIM(INDEX(tblDocuments[Document Type], $K36) & ""))), "") -> Checklist | G36: =IFERROR(IF($K36 = "", "", INDEX(tblDocuments[Scope Group], $K36)), "") -> Migration | H36: =IFERROR(IF($K36 = "", "", IF(TRIM(INDEX(tblDocuments[Description], $K36) & "") = "", "—", IF(LEN(TRIM(INDEX(tblDocuments[Description], $K36) & "")) > 165, LEFT(TRIM(INDEX(tblDocuments[Description], $K36) & ""), 164) & "…", TRIM(INDEX(tblDocuments[Description], $K36) & "")))), "") -> Validation checklist executed after each workload lands in AVS covering tools, backup, monitoring and performance. | K36: =IFERROR(IF(25 > ResultCount, "", MATCH(LARGE(tblDocuments[Sort Key], 25), tblDocuments[Sort Key], 0)), "") -> 25
B37: This list is a count, not a control — a cell cannot be clicked to filter anything. Use the Scope box above. WANT ONE-CLICK BUTTONS? 1. Open the Repository sheet 2. Click cell A5 — a document row. The Table Design tab must appear in the ribbon; if it does not, you are not inside the table. 3. Table Design ▸ Insert Slicer 4. Tick Scope Group (not Scope) ▸ OK 5. Optional: click the slicer, Ctrl+X, come back here, Ctrl+V — drop it in the empty space below. If Insert ▸ Slicer opens an Existing Connections box instead, the cursor was outside the table — go back to step 2. Pick Scope Group because it is tidied: trimmed, and blanks shown as (Unspecified). This sheet already reacts to the slicer — nothing else to change. A slicer shows scope names only, never counts — Excel has no option for that. The list above fills that gap: its numbers count documents a filter leaves showing, so they follow the slicer live. Sit the slicer beside the list rather than over it. A slicer clears itself in one click — the funnel-with-a-cross icon in its top-right corner. No formula can clear a slicer for you when you start typing. But set WHEN SEARCHING to 'Search all scopes' and a search simply ignores the slicer and the Scope box instead — same result, and the slicer stays put for when you clear the search. | E37: =IFERROR(IF($K37 = "", "", IF(INDEX(tblDocuments[Link Out], $K37) = "", INDEX(tblDocuments[Display Name], $K37), HYPERLINK(INDEX(tblDocuments[Link Out], $K37), INDEX(tblDocuments[Display Name], $K37)))), "") -> NSX-T Network Low Level Design | F37: =IFERROR(IF($K37 = "", "", IF(TRIM(INDEX(tblDocuments[Document Type], $K37) & "") = "", "—", TRIM(INDEX(tblDocuments[Document Type], $K37) & ""))), "") -> LLD | G37: =IFERROR(IF($K37 = "", "", INDEX(tblDocuments[Scope Group], $K37)), "") -> Network | H37: =IFERROR(IF($K37 = "", "", IF(TRIM(INDEX(tblDocuments[Description], $K37) & "") = "", "—", IF(LEN(TRIM(INDEX(tblDocuments[Description], $K37) & "")) > 165, LEFT(TRIM(INDEX(tblDocuments[Description], $K37) & ""), 164) & "…", TRIM(INDEX(tblDocuments[Description], $K37) & "")))), "") -> Low level design for the NSX-T overlay including tier-0 and tier-1 gateway configuration, segments and routing policy. | K37: =IFERROR(IF(26 > ResultCount, "", MATCH(LARGE(tblDocuments[Sort Key], 26), tblDocuments[Sort Key], 0)), "") -> 26
E38: =IFERROR(IF($K38 = "", "", IF(INDEX(tblDocuments[Link Out], $K38) = "", INDEX(tblDocuments[Display Name], $K38), HYPERLINK(INDEX(tblDocuments[Link Out], $K38), INDEX(tblDocuments[Display Name], $K38)))), "") -> NSX-T Segment Provisioning Guide | F38: =IFERROR(IF($K38 = "", "", IF(TRIM(INDEX(tblDocuments[Document Type], $K38) & "") = "", "—", TRIM(INDEX(tblDocuments[Document Type], $K38) & ""))), "") -> Guide | G38: =IFERROR(IF($K38 = "", "", INDEX(tblDocuments[Scope Group], $K38)), "") -> Network | H38: =IFERROR(IF($K38 = "", "", IF(TRIM(INDEX(tblDocuments[Description], $K38) & "") = "", "—", IF(LEN(TRIM(INDEX(tblDocuments[Description], $K38) & "")) > 165, LEFT(TRIM(INDEX(tblDocuments[Description], $K38) & ""), 164) & "…", TRIM(INDEX(tblDocuments[Description], $K38) & "")))), "") -> How to request, provision and document a new NSX-T overlay segment in the AVS private cloud. | K38: =IFERROR(IF(27 > ResultCount, "", MATCH(LARGE(tblDocuments[Sort Key], 27), tblDocuments[Sort Key], 0)), "") -> 27
E39: =IFERROR(IF($K39 = "", "", IF(INDEX(tblDocuments[Link Out], $K39) = "", INDEX(tblDocuments[Display Name], $K39), HYPERLINK(INDEX(tblDocuments[Link Out], $K39), INDEX(tblDocuments[Display Name], $K39)))), "") -> ExpressRoute Global Reach Configuration Runbook | F39: =IFERROR(IF($K39 = "", "", IF(TRIM(INDEX(tblDocuments[Document Type], $K39) & "") = "", "—", TRIM(INDEX(tblDocuments[Document Type], $K39) & ""))), "") -> Runbook | G39: =IFERROR(IF($K39 = "", "", INDEX(tblDocuments[Scope Group], $K39)), "") -> Network | H39: =IFERROR(IF($K39 = "", "", IF(TRIM(INDEX(tblDocuments[Description], $K39) & "") = "", "—", IF(LEN(TRIM(INDEX(tblDocuments[Description], $K39) & "")) > 165, LEFT(TRIM(INDEX(tblDocuments[Description], $K39) & ""), 164) & "…", TRIM(INDEX(tblDocuments[Description], $K39) & "")))), "") -> Runbook for establishing and validating ExpressRoute Global Reach peering between on-premises circuits and AVS. | K39: =IFERROR(IF(28 > ResultCount, "", MATCH(LARGE(tblDocuments[Sort Key], 28), tblDocuments[Sort Key], 0)), "") -> 28
E40: =IFERROR(IF($K40 = "", "", IF(INDEX(tblDocuments[Link Out], $K40) = "", INDEX(tblDocuments[Display Name], $K40), HYPERLINK(INDEX(tblDocuments[Link Out], $K40), INDEX(tblDocuments[Display Name], $K40)))), "") -> AVS Network Architecture and Traffic Flows | F40: =IFERROR(IF($K40 = "", "", IF(TRIM(INDEX(tblDocuments[Document Type], $K40) & "") = "", "—", TRIM(INDEX(tblDocuments[Document Type], $K40) & ""))), "") -> Architecture | G40: =IFERROR(IF($K40 = "", "", INDEX(tblDocuments[Scope Group], $K40)), "") -> Network | H40: =IFERROR(IF($K40 = "", "", IF(TRIM(INDEX(tblDocuments[Description], $K40) & "") = "", "—", IF(LEN(TRIM(INDEX(tblDocuments[Description], $K40) & "")) > 165, LEFT(TRIM(INDEX(tblDocuments[Description], $K40) & ""), 164) & "…", TRIM(INDEX(tblDocuments[Description], $K40) & "")))), "") -> Network architecture describing north-south and east-west traffic flows, inspection points and internet egress options. | K40: =IFERROR(IF(29 > ResultCount, "", MATCH(LARGE(tblDocuments[Sort Key], 29), tblDocuments[Sort Key], 0)), "") -> 29
E41: =IFERROR(IF($K41 = "", "", IF(INDEX(tblDocuments[Link Out], $K41) = "", INDEX(tblDocuments[Display Name], $K41), HYPERLINK(INDEX(tblDocuments[Link Out], $K41), INDEX(tblDocuments[Display Name], $K41)))), "") -> Internet Egress Options for AVS | F41: =IFERROR(IF($K41 = "", "", IF(TRIM(INDEX(tblDocuments[Document Type], $K41) & "") = "", "—", TRIM(INDEX(tblDocuments[Document Type], $K41) & ""))), "") -> Guide | G41: =IFERROR(IF($K41 = "", "", INDEX(tblDocuments[Scope Group], $K41)), "") -> Network | H41: =IFERROR(IF($K41 = "", "", IF(TRIM(INDEX(tblDocuments[Description], $K41) & "") = "", "—", IF(LEN(TRIM(INDEX(tblDocuments[Description], $K41) & "")) > 165, LEFT(TRIM(INDEX(tblDocuments[Description], $K41) & ""), 164) & "…", TRIM(INDEX(tblDocuments[Description], $K41) & "")))), "") -> Comparison of managed SNAT, public IP down to NSX-T edge, and Azure Firewall egress designs with recommendations. | K41: =IFERROR(IF(30 > ResultCount, "", MATCH(LARGE(tblDocuments[Sort Key], 30), tblDocuments[Sort Key], 0)), "") -> 30
E42: =IFERROR(IF($K42 = "", "", IF(INDEX(tblDocuments[Link Out], $K42) = "", INDEX(tblDocuments[Display Name], $K42), HYPERLINK(INDEX(tblDocuments[Link Out], $K42), INDEX(tblDocuments[Display Name], $K42)))), "") -> NSX-T Distributed Firewall Rule Design | F42: =IFERROR(IF($K42 = "", "", IF(TRIM(INDEX(tblDocuments[Document Type], $K42) & "") = "", "—", TRIM(INDEX(tblDocuments[Document Type], $K42) & ""))), "") -> LLD | G42: =IFERROR(IF($K42 = "", "", INDEX(tblDocuments[Scope Group], $K42)), "") -> Network | H42: =IFERROR(IF($K42 = "", "", IF(TRIM(INDEX(tblDocuments[Description], $K42) & "") = "", "—", IF(LEN(TRIM(INDEX(tblDocuments[Description], $K42) & "")) > 165, LEFT(TRIM(INDEX(tblDocuments[Description], $K42) & ""), 164) & "…", TRIM(INDEX(tblDocuments[Description], $K42) & "")))), "") -> Design of the distributed firewall rule model, security groups, tagging strategy and default deny posture. | K42: =IFERROR(IF(31 > ResultCount, "", MATCH(LARGE(tblDocuments[Sort Key], 31), tblDocuments[Sort Key], 0)), "") -> 31
E43: =IFERROR(IF($K43 = "", "", IF(INDEX(tblDocuments[Link Out], $K43) = "", INDEX(tblDocuments[Display Name], $K43), HYPERLINK(INDEX(tblDocuments[Link Out], $K43), INDEX(tblDocuments[Display Name], $K43)))), "") -> NSX-T Load Balancer Configuration Runbook | F43: =IFERROR(IF($K43 = "", "", IF(TRIM(INDEX(tblDocuments[Document Type], $K43) & "") = "", "—", TRIM(INDEX(tblDocuments[Document Type], $K43) & ""))), "") -> Runbook | G43: =IFERROR(IF($K43 = "", "", INDEX(tblDocuments[Scope Group], $K43)), "") -> Network | H43: =IFERROR(IF($K43 = "", "", IF(TRIM(INDEX(tblDocuments[Description], $K43) & "") = "", "—", IF(LEN(TRIM(INDEX(tblDocuments[Description], $K43) & "")) > 165, LEFT(TRIM(INDEX(tblDocuments[Description], $K43) & ""), 164) & "…", TRIM(INDEX(tblDocuments[Description], $K43) & "")))), "") -> Configuring NSX-T virtual servers, server pools, monitors and persistence profiles for application load balancing. | K43: =IFERROR(IF(32 > ResultCount, "", MATCH(LARGE(tblDocuments[Sort Key], 32), tblDocuments[Sort Key], 0)), "") -> 32
E44: =IFERROR(IF($K44 = "", "", IF(INDEX(tblDocuments[Link Out], $K44) = "", INDEX(tblDocuments[Display Name], $K44), HYPERLINK(INDEX(tblDocuments[Link Out], $K44), INDEX(tblDocuments[Display Name], $K44)))), "") -> DNS Forwarder Configuration Standard | F44: =IFERROR(IF($K44 = "", "", IF(TRIM(INDEX(tblDocuments[Document Type], $K44) & "") = "", "—", TRIM(INDEX(tblDocuments[Document Type], $K44) & ""))), "") -> SOP | G44: =IFERROR(IF($K44 = "", "", INDEX(tblDocuments[Scope Group], $K44)), "") -> Network | H44: =IFERROR(IF($K44 = "", "", IF(TRIM(INDEX(tblDocuments[Description], $K44) & "") = "", "—", IF(LEN(TRIM(INDEX(tblDocuments[Description], $K44) & "")) > 165, LEFT(TRIM(INDEX(tblDocuments[Description], $K44) & ""), 164) & "…", TRIM(INDEX(tblDocuments[Description], $K44) & "")))), "") -> Standard for configuring the NSX-T DNS forwarder and conditional forwarding to corporate DNS zones. | K44: =IFERROR(IF(33 > ResultCount, "", MATCH(LARGE(tblDocuments[Sort Key], 33), tblDocuments[Sort Key], 0)), "") -> 33
E45: =IFERROR(IF($K45 = "", "", IF(INDEX(tblDocuments[Link Out], $K45) = "", INDEX(tblDocuments[Display Name], $K45), HYPERLINK(INDEX(tblDocuments[Link Out], $K45), INDEX(tblDocuments[Display Name], $K45)))), "") -> AVS Connectivity Diagram Pack | F45: =IFERROR(IF($K45 = "", "", IF(TRIM(INDEX(tblDocuments[Document Type], $K45) & "") = "", "—", TRIM(INDEX(tblDocuments[Document Type], $K45) & ""))), "") -> Diagram | G45: =IFERROR(IF($K45 = "", "", INDEX(tblDocuments[Scope Group], $K45)), "") -> Network | H45: =IFERROR(IF($K45 = "", "", IF(TRIM(INDEX(tblDocuments[Description], $K45) & "") = "", "—", IF(LEN(TRIM(INDEX(tblDocuments[Description], $K45) & "")) > 165, LEFT(TRIM(INDEX(tblDocuments[Description], $K45) & ""), 164) & "…", TRIM(INDEX(tblDocuments[Description], $K45) & "")))), "") -> Diagram pack covering physical circuits, logical routing and the full AVS connectivity topology. | K45: =IFERROR(IF(34 > ResultCount, "", MATCH(LARGE(tblDocuments[Sort Key], 34), tblDocuments[Sort Key], 0)), "") -> 34
E46: =IFERROR(IF($K46 = "", "", IF(INDEX(tblDocuments[Link Out], $K46) = "", INDEX(tblDocuments[Display Name], $K46), HYPERLINK(INDEX(tblDocuments[Link Out], $K46), INDEX(tblDocuments[Display Name], $K46)))), "") -> Route Advertisement and BGP Troubleshooting | F46: =IFERROR(IF($K46 = "", "", IF(TRIM(INDEX(tblDocuments[Document Type], $K46) & "") = "", "—", TRIM(INDEX(tblDocuments[Document Type], $K46) & ""))), "") -> Guide | G46: =IFERROR(IF($K46 = "", "", INDEX(tblDocuments[Scope Group], $K46)), "") -> Network | H46: =IFERROR(IF($K46 = "", "", IF(TRIM(INDEX(tblDocuments[Description], $K46) & "") = "", "—", IF(LEN(TRIM(INDEX(tblDocuments[Description], $K46) & "")) > 165, LEFT(TRIM(INDEX(tblDocuments[Description], $K46) & ""), 164) & "…", TRIM(INDEX(tblDocuments[Description], $K46) & "")))), "") -> Troubleshooting guide for BGP route advertisement issues between AVS, ExpressRoute and on-premises routers. | K46: =IFERROR(IF(35 > ResultCount, "", MATCH(LARGE(tblDocuments[Sort Key], 35), tblDocuments[Sort Key], 0)), "") -> 35
E47: =IFERROR(IF($K47 = "", "", IF(INDEX(tblDocuments[Link Out], $K47) = "", INDEX(tblDocuments[Display Name], $K47), HYPERLINK(INDEX(tblDocuments[Link Out], $K47), INDEX(tblDocuments[Display Name], $K47)))), "") -> IP Address Management Standard | F47: =IFERROR(IF($K47 = "", "", IF(TRIM(INDEX(tblDocuments[Document Type], $K47) & "") = "", "—", TRIM(INDEX(tblDocuments[Document Type], $K47) & ""))), "") -> Policy | G47: =IFERROR(IF($K47 = "", "", INDEX(tblDocuments[Scope Group], $K47)), "") -> Network | H47: =IFERROR(IF($K47 = "", "", IF(TRIM(INDEX(tblDocuments[Description], $K47) & "") = "", "—", IF(LEN(TRIM(INDEX(tblDocuments[Description], $K47) & "")) > 165, LEFT(TRIM(INDEX(tblDocuments[Description], $K47) & ""), 164) & "…", TRIM(INDEX(tblDocuments[Description], $K47) & "")))), "") -> IPAM standard defining CIDR allocation, reservation process and documentation requirements for AVS networks. | K47: =IFERROR(IF(36 > ResultCount, "", MATCH(LARGE(tblDocuments[Sort Key], 36), tblDocuments[Sort Key], 0)), "") -> 36
E48: =IFERROR(IF($K48 = "", "", IF(INDEX(tblDocuments[Link Out], $K48) = "", INDEX(tblDocuments[Display Name], $K48), HYPERLINK(INDEX(tblDocuments[Link Out], $K48), INDEX(tblDocuments[Display Name], $K48)))), "") -> Network Extension Cutover Runbook | F48: =IFERROR(IF($K48 = "", "", IF(TRIM(INDEX(tblDocuments[Document Type], $K48) & "") = "", "—", TRIM(INDEX(tblDocuments[Document Type], $K48) & ""))), "") -> Runbook | G48: =IFERROR(IF($K48 = "", "", INDEX(tblDocuments[Scope Group], $K48)), "") -> Network | H48: =IFERROR(IF($K48 = "", "", IF(TRIM(INDEX(tblDocuments[Description], $K48) & "") = "", "—", IF(LEN(TRIM(INDEX(tblDocuments[Description], $K48) & "")) > 165, LEFT(TRIM(INDEX(tblDocuments[Description], $K48) & ""), 164) & "…", TRIM(INDEX(tblDocuments[Description], $K48) & "")))), "") -> Runbook for cutting over an HCX extended network to a native NSX-T segment after workload migration completes. | K48: =IFERROR(IF(37 > ResultCount, "", MATCH(LARGE(tblDocuments[Sort Key], 37), tblDocuments[Sort Key], 0)), "") -> 37
E49: =IFERROR(IF($K49 = "", "", IF(INDEX(tblDocuments[Link Out], $K49) = "", INDEX(tblDocuments[Display Name], $K49), HYPERLINK(INDEX(tblDocuments[Link Out], $K49), INDEX(tblDocuments[Display Name], $K49)))), "") -> Public IP and NAT Configuration Guide | F49: =IFERROR(IF($K49 = "", "", IF(TRIM(INDEX(tblDocuments[Document Type], $K49) & "") = "", "—", TRIM(INDEX(tblDocuments[Document Type], $K49) & ""))), "") -> Guide | G49: =IFERROR(IF($K49 = "", "", INDEX(tblDocuments[Scope Group], $K49)), "") -> Network | H49: =IFERROR(IF($K49 = "", "", IF(TRIM(INDEX(tblDocuments[Description], $K49) & "") = "", "—", IF(LEN(TRIM(INDEX(tblDocuments[Description], $K49) & "")) > 165, LEFT(TRIM(INDEX(tblDocuments[Description], $K49) & ""), 164) & "…", TRIM(INDEX(tblDocuments[Description], $K49) & "")))), "") -> Guide to requesting public IP addresses and configuring DNAT/SNAT rules on the NSX-T tier-1 gateway. | K49: =IFERROR(IF(38 > ResultCount, "", MATCH(LARGE(tblDocuments[Sort Key], 38), tblDocuments[Sort Key], 0)), "") -> 38
E50: =IFERROR(IF($K50 = "", "", IF(INDEX(tblDocuments[Link Out], $K50) = "", INDEX(tblDocuments[Display Name], $K50), HYPERLINK(INDEX(tblDocuments[Link Out], $K50), INDEX(tblDocuments[Display Name], $K50)))), "") -> Network Performance Baseline Report | F50: =IFERROR(IF($K50 = "", "", IF(TRIM(INDEX(tblDocuments[Document Type], $K50) & "") = "", "—", TRIM(INDEX(tblDocuments[Document Type], $K50) & ""))), "") -> Report | G50: =IFERROR(IF($K50 = "", "", INDEX(tblDocuments[Scope Group], $K50)), "") -> Network | H50: =IFERROR(IF($K50 = "", "", IF(TRIM(INDEX(tblDocuments[Description], $K50) & "") = "", "—", IF(LEN(TRIM(INDEX(tblDocuments[Description], $K50) & "")) > 165, LEFT(TRIM(INDEX(tblDocuments[Description], $K50) & ""), 164) & "…", TRIM(INDEX(tblDocuments[Description], $K50) & "")))), "") -> Baseline latency and throughput measurements between AVS, Azure native services and the on-premises estate. | K50: =IFERROR(IF(39 > ResultCount, "", MATCH(LARGE(tblDocuments[Sort Key], 39), tblDocuments[Sort Key], 0)), "") -> 39
E51: =IFERROR(IF($K51 = "", "", IF(INDEX(tblDocuments[Link Out], $K51) = "", INDEX(tblDocuments[Display Name], $K51), HYPERLINK(INDEX(tblDocuments[Link Out], $K51), INDEX(tblDocuments[Display Name], $K51)))), "") -> AVS Security Architecture | F51: =IFERROR(IF($K51 = "", "", IF(TRIM(INDEX(tblDocuments[Document Type], $K51) & "") = "", "—", TRIM(INDEX(tblDocuments[Document Type], $K51) & ""))), "") -> Architecture | G51: =IFERROR(IF($K51 = "", "", INDEX(tblDocuments[Scope Group], $K51)), "") -> Security | H51: =IFERROR(IF($K51 = "", "", IF(TRIM(INDEX(tblDocuments[Description], $K51) & "") = "", "—", IF(LEN(TRIM(INDEX(tblDocuments[Description], $K51) & "")) > 165, LEFT(TRIM(INDEX(tblDocuments[Description], $K51) & ""), 164) & "…", TRIM(INDEX(tblDocuments[Description], $K51) & "")))), "") -> Security architecture for the AVS platform covering identity, network segmentation, encryption and logging. | K51: =IFERROR(IF(40 > ResultCount, "", MATCH(LARGE(tblDocuments[Sort Key], 40), tblDocuments[Sort Key], 0)), "") -> 40
E52: =IFERROR(IF($K52 = "", "", IF(INDEX(tblDocuments[Link Out], $K52) = "", INDEX(tblDocuments[Display Name], $K52), HYPERLINK(INDEX(tblDocuments[Link Out], $K52), INDEX(tblDocuments[Display Name], $K52)))), "") -> AVS Security Baseline Policy | F52: =IFERROR(IF($K52 = "", "", IF(TRIM(INDEX(tblDocuments[Document Type], $K52) & "") = "", "—", TRIM(INDEX(tblDocuments[Document Type], $K52) & ""))), "") -> Policy | G52: =IFERROR(IF($K52 = "", "", INDEX(tblDocuments[Scope Group], $K52)), "") -> Security | H52: =IFERROR(IF($K52 = "", "", IF(TRIM(INDEX(tblDocuments[Description], $K52) & "") = "", "—", IF(LEN(TRIM(INDEX(tblDocuments[Description], $K52) & "")) > 165, LEFT(TRIM(INDEX(tblDocuments[Description], $K52) & ""), 164) & "…", TRIM(INDEX(tblDocuments[Description], $K52) & "")))), "") -> Mandatory security baseline for AVS private clouds, vCenter, NSX-T and workload virtual machines. | K52: =IFERROR(IF(41 > ResultCount, "", MATCH(LARGE(tblDocuments[Sort Key], 41), tblDocuments[Sort Key], 0)), "") -> 41
E53: =IFERROR(IF($K53 = "", "", IF(INDEX(tblDocuments[Link Out], $K53) = "", INDEX(tblDocuments[Display Name], $K53), HYPERLINK(INDEX(tblDocuments[Link Out], $K53), INDEX(tblDocuments[Display Name], $K53)))), "") -> Micro Segmentation Implementation Guide | F53: =IFERROR(IF($K53 = "", "", IF(TRIM(INDEX(tblDocuments[Document Type], $K53) & "") = "", "—", TRIM(INDEX(tblDocuments[Document Type], $K53) & ""))), "") -> Guide | G53: =IFERROR(IF($K53 = "", "", INDEX(tblDocuments[Scope Group], $K53)), "") -> Security | H53: =IFERROR(IF($K53 = "", "", IF(TRIM(INDEX(tblDocuments[Description], $K53) & "") = "", "—", IF(LEN(TRIM(INDEX(tblDocuments[Description], $K53) & "")) > 165, LEFT(TRIM(INDEX(tblDocuments[Description], $K53) & ""), 164) & "…", TRIM(INDEX(tblDocuments[Description], $K53) & "")))), "") -> Implementation guide for micro segmentation using NSX-T distributed firewall and security tags. | K53: =IFERROR(IF(42 > ResultCount, "", MATCH(LARGE(tblDocuments[Sort Key], 42), tblDocuments[Sort Key], 0)), "") -> 42
E54: =IFERROR(IF($K54 = "", "", IF(INDEX(tblDocuments[Link Out], $K54) = "", INDEX(tblDocuments[Display Name], $K54), HYPERLINK(INDEX(tblDocuments[Link Out], $K54), INDEX(tblDocuments[Display Name], $K54)))), "") -> vCenter Hardening Checklist | F54: =IFERROR(IF($K54 = "", "", IF(TRIM(INDEX(tblDocuments[Document Type], $K54) & "") = "", "—", TRIM(INDEX(tblDocuments[Document Type], $K54) & ""))), "") -> Checklist | G54: =IFERROR(IF($K54 = "", "", INDEX(tblDocuments[Scope Group], $K54)), "") -> Security | H54: =IFERROR(IF($K54 = "", "", IF(TRIM(INDEX(tblDocuments[Description], $K54) & "") = "", "—", IF(LEN(TRIM(INDEX(tblDocuments[Description], $K54) & "")) > 165, LEFT(TRIM(INDEX(tblDocuments[Description], $K54) & ""), 164) & "…", TRIM(INDEX(tblDocuments[Description], $K54) & "")))), "") -> Hardening checklist for vCenter Server aligned to the VMware security configuration guide. | K54: =IFERROR(IF(43 > ResultCount, "", MATCH(LARGE(tblDocuments[Sort Key], 43), tblDocuments[Sort Key], 0)), "") -> 43
E55: =IFERROR(IF($K55 = "", "", IF(INDEX(tblDocuments[Link Out], $K55) = "", INDEX(tblDocuments[Display Name], $K55), HYPERLINK(INDEX(tblDocuments[Link Out], $K55), INDEX(tblDocuments[Display Name], $K55)))), "") -> Security Incident Response Procedure for AVS | F55: =IFERROR(IF($K55 = "", "", IF(TRIM(INDEX(tblDocuments[Document Type], $K55) & "") = "", "—", TRIM(INDEX(tblDocuments[Document Type], $K55) & ""))), "") -> SOP | G55: =IFERROR(IF($K55 = "", "", INDEX(tblDocuments[Scope Group], $K55)), "") -> Security | H55: =IFERROR(IF($K55 = "", "", IF(TRIM(INDEX(tblDocuments[Description], $K55) & "") = "", "—", IF(LEN(TRIM(INDEX(tblDocuments[Description], $K55) & "")) > 165, LEFT(TRIM(INDEX(tblDocuments[Description], $K55) & ""), 164) & "…", TRIM(INDEX(tblDocuments[Description], $K55) & "")))), "") -> Procedure for triaging, containing and reporting security incidents affecting the AVS estate. | K55: =IFERROR(IF(44 > ResultCount, "", MATCH(LARGE(tblDocuments[Sort Key], 44), tblDocuments[Sort Key], 0)), "") -> 44
E56: =IFERROR(IF($K56 = "", "", IF(INDEX(tblDocuments[Link Out], $K56) = "", INDEX(tblDocuments[Display Name], $K56), HYPERLINK(INDEX(tblDocuments[Link Out], $K56), INDEX(tblDocuments[Display Name], $K56)))), "") -> Customer Managed Keys and Encryption Guide | F56: =IFERROR(IF($K56 = "", "", IF(TRIM(INDEX(tblDocuments[Document Type], $K56) & "") = "", "—", TRIM(INDEX(tblDocuments[Document Type], $K56) & ""))), "") -> Guide | G56: =IFERROR(IF($K56 = "", "", INDEX(tblDocuments[Scope Group], $K56)), "") -> Security | H56: =IFERROR(IF($K56 = "", "", IF(TRIM(INDEX(tblDocuments[Description], $K56) & "") = "", "—", IF(LEN(TRIM(INDEX(tblDocuments[Description], $K56) & "")) > 165, LEFT(TRIM(INDEX(tblDocuments[Description], $K56) & ""), 164) & "…", TRIM(INDEX(tblDocuments[Description], $K56) & "")))), "") -> Guide to enabling customer managed keys with Azure Key Vault for vSAN datastore encryption. | K56: =IFERROR(IF(45 > ResultCount, "", MATCH(LARGE(tblDocuments[Sort Key], 45), tblDocuments[Sort Key], 0)), "") -> 45
E57: =IFERROR(IF($K57 = "", "", IF(INDEX(tblDocuments[Link Out], $K57) = "", INDEX(tblDocuments[Display Name], $K57), HYPERLINK(INDEX(tblDocuments[Link Out], $K57), INDEX(tblDocuments[Display Name], $K57)))), "") -> AVS Penetration Test Summary | F57: =IFERROR(IF($K57 = "", "", IF(TRIM(INDEX(tblDocuments[Document Type], $K57) & "") = "", "—", TRIM(INDEX(tblDocuments[Document Type], $K57) & ""))), "") -> Report | G57: =IFERROR(IF($K57 = "", "", INDEX(tblDocuments[Scope Group], $K57)), "") -> Security | H57: =IFERROR(IF($K57 = "", "", IF(TRIM(INDEX(tblDocuments[Description], $K57) & "") = "", "—", IF(LEN(TRIM(INDEX(tblDocuments[Description], $K57) & "")) > 165, LEFT(TRIM(INDEX(tblDocuments[Description], $K57) & ""), 164) & "…", TRIM(INDEX(tblDocuments[Description], $K57) & "")))), "") -> Executive summary and remediation tracker from the annual penetration test of the AVS platform. | K57: =IFERROR(IF(46 > ResultCount, "", MATCH(LARGE(tblDocuments[Sort Key], 46), tblDocuments[Sort Key], 0)), "") -> 46
E58: =IFERROR(IF($K58 = "", "", IF(INDEX(tblDocuments[Link Out], $K58) = "", INDEX(tblDocuments[Display Name], $K58), HYPERLINK(INDEX(tblDocuments[Link Out], $K58), INDEX(tblDocuments[Display Name], $K58)))), "") -> Privileged Access Management Policy | F58: =IFERROR(IF($K58 = "", "", IF(TRIM(INDEX(tblDocuments[Document Type], $K58) & "") = "", "—", TRIM(INDEX(tblDocuments[Document Type], $K58) & ""))), "") -> Policy | G58: =IFERROR(IF($K58 = "", "", INDEX(tblDocuments[Scope Group], $K58)), "") -> Security | H58: =IFERROR(IF($K58 = "", "", IF(TRIM(INDEX(tblDocuments[Description], $K58) & "") = "", "—", IF(LEN(TRIM(INDEX(tblDocuments[Description], $K58) & "")) > 165, LEFT(TRIM(INDEX(tblDocuments[Description], $K58) & ""), 164) & "…", TRIM(INDEX(tblDocuments[Description], $K58) & "")))), "") -> Policy governing privileged access to vCenter, NSX-T and the AVS control plane including break glass accounts. | K58: =IFERROR(IF(47 > ResultCount, "", MATCH(LARGE(tblDocuments[Sort Key], 47), tblDocuments[Sort Key], 0)), "") -> 47
E59: =IFERROR(IF($K59 = "", "", IF(INDEX(tblDocuments[Link Out], $K59) = "", INDEX(tblDocuments[Display Name], $K59), HYPERLINK(INDEX(tblDocuments[Link Out], $K59), INDEX(tblDocuments[Display Name], $K59)))), "") -> Log Forwarding to Microsoft Sentinel | F59: =IFERROR(IF($K59 = "", "", IF(TRIM(INDEX(tblDocuments[Document Type], $K59) & "") = "", "—", TRIM(INDEX(tblDocuments[Document Type], $K59) & ""))), "") -> Guide | G59: =IFERROR(IF($K59 = "", "", INDEX(tblDocuments[Scope Group], $K59)), "") -> Security | H59: =IFERROR(IF($K59 = "", "", IF(TRIM(INDEX(tblDocuments[Description], $K59) & "") = "", "—", IF(LEN(TRIM(INDEX(tblDocuments[Description], $K59) & "")) > 165, LEFT(TRIM(INDEX(tblDocuments[Description], $K59) & ""), 164) & "…", TRIM(INDEX(tblDocuments[Description], $K59) & "")))), "") -> Configuring diagnostic settings and syslog forwarding from AVS, vCenter and NSX-T into Microsoft Sentinel. | K59: =IFERROR(IF(48 > ResultCount, "", MATCH(LARGE(tblDocuments[Sort Key], 48), tblDocuments[Sort Key], 0)), "") -> 48
E60: =IFERROR(IF($K60 = "", "", IF(INDEX(tblDocuments[Link Out], $K60) = "", INDEX(tblDocuments[Display Name], $K60), HYPERLINK(INDEX(tblDocuments[Link Out], $K60), INDEX(tblDocuments[Display Name], $K60)))), "") -> Third Party Security Risk Assessment | F60: =IFERROR(IF($K60 = "", "", IF(TRIM(INDEX(tblDocuments[Document Type], $K60) & "") = "", "—", TRIM(INDEX(tblDocuments[Document Type], $K60) & ""))), "") -> Assessment | G60: =IFERROR(IF($K60 = "", "", INDEX(tblDocuments[Scope Group], $K60)), "") -> Security | H60: =IFERROR(IF($K60 = "", "", IF(TRIM(INDEX(tblDocuments[Description], $K60) & "") = "", "—", IF(LEN(TRIM(INDEX(tblDocuments[Description], $K60) & "")) > 165, LEFT(TRIM(INDEX(tblDocuments[Description], $K60) & ""), 164) & "…", TRIM(INDEX(tblDocuments[Description], $K60) & "")))), "") -> Risk assessment covering third party tooling deployed inside the AVS private clouds. | K60: =IFERROR(IF(49 > ResultCount, "", MATCH(LARGE(tblDocuments[Sort Key], 49), tblDocuments[Sort Key], 0)), "") -> 49
E61: =IFERROR(IF($K61 = "", "", IF(INDEX(tblDocuments[Link Out], $K61) = "", INDEX(tblDocuments[Display Name], $K61), HYPERLINK(INDEX(tblDocuments[Link Out], $K61), INDEX(tblDocuments[Display Name], $K61)))), "") -> Antivirus and EDR Deployment for AVS Workloads | F61: =IFERROR(IF($K61 = "", "", IF(TRIM(INDEX(tblDocuments[Document Type], $K61) & "") = "", "—", TRIM(INDEX(tblDocuments[Document Type], $K61) & ""))), "") -> Guide | G61: =IFERROR(IF($K61 = "", "", INDEX(tblDocuments[Scope Group], $K61)), "") -> Security | H61: =IFERROR(IF($K61 = "", "", IF(TRIM(INDEX(tblDocuments[Description], $K61) & "") = "", "—", IF(LEN(TRIM(INDEX(tblDocuments[Description], $K61) & "")) > 165, LEFT(TRIM(INDEX(tblDocuments[Description], $K61) & ""), 164) & "…", TRIM(INDEX(tblDocuments[Description], $K61) & "")))), "") -> Deployment approach for endpoint detection and response agents on virtual machines hosted in AVS. | K61: =IFERROR(IF(50 > ResultCount, "", MATCH(LARGE(tblDocuments[Sort Key], 50), tblDocuments[Sort Key], 0)), "") -> 50
E62: =IFERROR(IF($K62 = "", "", IF(INDEX(tblDocuments[Link Out], $K62) = "", INDEX(tblDocuments[Display Name], $K62), HYPERLINK(INDEX(tblDocuments[Link Out], $K62), INDEX(tblDocuments[Display Name], $K62)))), "") -> AVS Daily Operations Runbook | F62: =IFERROR(IF($K62 = "", "", IF(TRIM(INDEX(tblDocuments[Document Type], $K62) & "") = "", "—", TRIM(INDEX(tblDocuments[Document Type], $K62) & ""))), "") -> Runbook | G62: =IFERROR(IF($K62 = "", "", INDEX(tblDocuments[Scope Group], $K62)), "") -> Operations | H62: =IFERROR(IF($K62 = "", "", IF(TRIM(INDEX(tblDocuments[Description], $K62) & "") = "", "—", IF(LEN(TRIM(INDEX(tblDocuments[Description], $K62) & "")) > 165, LEFT(TRIM(INDEX(tblDocuments[Description], $K62) & ""), 164) & "…", TRIM(INDEX(tblDocuments[Description], $K62) & "")))), "") -> Daily operational checks for the AVS platform including health, capacity, alerts and backup status. | K62: =IFERROR(IF(51 > ResultCount, "", MATCH(LARGE(tblDocuments[Sort Key], 51), tblDocuments[Sort Key], 0)), "") -> 51
E63: =IFERROR(IF($K63 = "", "", IF(INDEX(tblDocuments[Link Out], $K63) = "", INDEX(tblDocuments[Display Name], $K63), HYPERLINK(INDEX(tblDocuments[Link Out], $K63), INDEX(tblDocuments[Display Name], $K63)))), "") -> Host Replacement and Node Addition SOP | F63: =IFERROR(IF($K63 = "", "", IF(TRIM(INDEX(tblDocuments[Document Type], $K63) & "") = "", "—", TRIM(INDEX(tblDocuments[Document Type], $K63) & ""))), "") -> SOP | G63: =IFERROR(IF($K63 = "", "", INDEX(tblDocuments[Scope Group], $K63)), "") -> Operations | H63: =IFERROR(IF($K63 = "", "", IF(TRIM(INDEX(tblDocuments[Description], $K63) & "") = "", "—", IF(LEN(TRIM(INDEX(tblDocuments[Description], $K63) & "")) > 165, LEFT(TRIM(INDEX(tblDocuments[Description], $K63) & ""), 164) & "…", TRIM(INDEX(tblDocuments[Description], $K63) & "")))), "") -> Standard operating procedure for adding, replacing or removing an ESXi host node from an AVS cluster. | K63: =IFERROR(IF(52 > ResultCount, "", MATCH(LARGE(tblDocuments[Sort Key], 52), tblDocuments[Sort Key], 0)), "") -> 52
E64: =IFERROR(IF($K64 = "", "", IF(INDEX(tblDocuments[Link Out], $K64) = "", INDEX(tblDocuments[Display Name], $K64), HYPERLINK(INDEX(tblDocuments[Link Out], $K64), INDEX(tblDocuments[Display Name], $K64)))), "") -> AVS Private Cloud Upgrade and Maintenance Guide | F64: =IFERROR(IF($K64 = "", "", IF(TRIM(INDEX(tblDocuments[Document Type], $K64) & "") = "", "—", TRIM(INDEX(tblDocuments[Document Type], $K64) & ""))), "") -> Guide | G64: =IFERROR(IF($K64 = "", "", INDEX(tblDocuments[Scope Group], $K64)), "") -> Operations | H64: =IFERROR(IF($K64 = "", "", IF(TRIM(INDEX(tblDocuments[Description], $K64) & "") = "", "—", IF(LEN(TRIM(INDEX(tblDocuments[Description], $K64) & "")) > 165, LEFT(TRIM(INDEX(tblDocuments[Description], $K64) & ""), 164) & "…", TRIM(INDEX(tblDocuments[Description], $K64) & "")))), "") -> How Microsoft managed platform upgrades work, maintenance windows, notification handling and customer responsibilities. | K64: =IFERROR(IF(53 > ResultCount, "", MATCH(LARGE(tblDocuments[Sort Key], 53), tblDocuments[Sort Key], 0)), "") -> 53
E65: =IFERROR(IF($K65 = "", "", IF(INDEX(tblDocuments[Link Out], $K65) = "", INDEX(tblDocuments[Display Name], $K65), HYPERLINK(INDEX(tblDocuments[Link Out], $K65), INDEX(tblDocuments[Display Name], $K65)))), "") -> Capacity Expansion Runbook | F65: =IFERROR(IF($K65 = "", "", IF(TRIM(INDEX(tblDocuments[Document Type], $K65) & "") = "", "—", TRIM(INDEX(tblDocuments[Document Type], $K65) & ""))), "") -> Runbook | G65: =IFERROR(IF($K65 = "", "", INDEX(tblDocuments[Scope Group], $K65)), "") -> Operations | H65: =IFERROR(IF($K65 = "", "", IF(TRIM(INDEX(tblDocuments[Description], $K65) & "") = "", "—", IF(LEN(TRIM(INDEX(tblDocuments[Description], $K65) & "")) > 165, LEFT(TRIM(INDEX(tblDocuments[Description], $K65) & ""), 164) & "…", TRIM(INDEX(tblDocuments[Description], $K65) & "")))), "") -> Runbook for requesting quota, adding nodes and rebalancing workloads when a cluster approaches capacity thresholds. | K65: =IFERROR(IF(54 > ResultCount, "", MATCH(LARGE(tblDocuments[Sort Key], 54), tblDocuments[Sort Key], 0)), "") -> 54
E66: =IFERROR(IF($K66 = "", "", IF(INDEX(tblDocuments[Link Out], $K66) = "", INDEX(tblDocuments[Display Name], $K66), HYPERLINK(INDEX(tblDocuments[Link Out], $K66), INDEX(tblDocuments[Display Name], $K66)))), "") -> Change Management Process for AVS | F66: =IFERROR(IF($K66 = "", "", IF(TRIM(INDEX(tblDocuments[Document Type], $K66) & "") = "", "—", TRIM(INDEX(tblDocuments[Document Type], $K66) & ""))), "") -> SOP | G66: =IFERROR(IF($K66 = "", "", INDEX(tblDocuments[Scope Group], $K66)), "") -> Operations | H66: =IFERROR(IF($K66 = "", "", IF(TRIM(INDEX(tblDocuments[Description], $K66) & "") = "", "—", IF(LEN(TRIM(INDEX(tblDocuments[Description], $K66) & "")) > 165, LEFT(TRIM(INDEX(tblDocuments[Description], $K66) & ""), 164) & "…", TRIM(INDEX(tblDocuments[Description], $K66) & "")))), "") -> Change management process, CAB requirements and change categories applicable to the AVS platform. | K66: =IFERROR(IF(55 > ResultCount, "", MATCH(LARGE(tblDocuments[Sort Key], 55), tblDocuments[Sort Key], 0)), "") -> 55
E67: =IFERROR(IF($K67 = "", "", IF(INDEX(tblDocuments[Link Out], $K67) = "", INDEX(tblDocuments[Display Name], $K67), HYPERLINK(INDEX(tblDocuments[Link Out], $K67), INDEX(tblDocuments[Display Name], $K67)))), "") -> Monitoring and Alerting Design | F67: =IFERROR(IF($K67 = "", "", IF(TRIM(INDEX(tblDocuments[Document Type], $K67) & "") = "", "—", TRIM(INDEX(tblDocuments[Document Type], $K67) & ""))), "") -> Guide | G67: =IFERROR(IF($K67 = "", "", INDEX(tblDocuments[Scope Group], $K67)), "") -> Operations | H67: =IFERROR(IF($K67 = "", "", IF(TRIM(INDEX(tblDocuments[Description], $K67) & "") = "", "—", IF(LEN(TRIM(INDEX(tblDocuments[Description], $K67) & "")) > 165, LEFT(TRIM(INDEX(tblDocuments[Description], $K67) & ""), 164) & "…", TRIM(INDEX(tblDocuments[Description], $K67) & "")))), "") -> Monitoring design covering Azure Monitor, vRealize Operations metrics, alert thresholds and routing to the service desk. | K67: =IFERROR(IF(56 > ResultCount, "", MATCH(LARGE(tblDocuments[Sort Key], 56), tblDocuments[Sort Key], 0)), "") -> 56
E68: =IFERROR(IF($K68 = "", "", IF(INDEX(tblDocuments[Link Out], $K68) = "", INDEX(tblDocuments[Display Name], $K68), HYPERLINK(INDEX(tblDocuments[Link Out], $K68), INDEX(tblDocuments[Display Name], $K68)))), "") -> Support Request and Escalation Runbook | F68: =IFERROR(IF($K68 = "", "", IF(TRIM(INDEX(tblDocuments[Document Type], $K68) & "") = "", "—", TRIM(INDEX(tblDocuments[Document Type], $K68) & ""))), "") -> Runbook | G68: =IFERROR(IF($K68 = "", "", INDEX(tblDocuments[Scope Group], $K68)), "") -> Operations | H68: =IFERROR(IF($K68 = "", "", IF(TRIM(INDEX(tblDocuments[Description], $K68) & "") = "", "—", IF(LEN(TRIM(INDEX(tblDocuments[Description], $K68) & "")) > 165, LEFT(TRIM(INDEX(tblDocuments[Description], $K68) & ""), 164) & "…", TRIM(INDEX(tblDocuments[Description], $K68) & "")))), "") -> How to raise a Microsoft support request for AVS, severity definitions and the internal escalation path. | K68: =IFERROR(IF(57 > ResultCount, "", MATCH(LARGE(tblDocuments[Sort Key], 57), tblDocuments[Sort Key], 0)), "") -> 57
E69: =IFERROR(IF($K69 = "", "", IF(INDEX(tblDocuments[Link Out], $K69) = "", INDEX(tblDocuments[Display Name], $K69), HYPERLINK(INDEX(tblDocuments[Link Out], $K69), INDEX(tblDocuments[Display Name], $K69)))), "") -> Monthly Platform Health Checklist | F69: =IFERROR(IF($K69 = "", "", IF(TRIM(INDEX(tblDocuments[Document Type], $K69) & "") = "", "—", TRIM(INDEX(tblDocuments[Document Type], $K69) & ""))), "") -> Checklist | G69: =IFERROR(IF($K69 = "", "", INDEX(tblDocuments[Scope Group], $K69)), "") -> Operations | H69: =IFERROR(IF($K69 = "", "", IF(TRIM(INDEX(tblDocuments[Description], $K69) & "") = "", "—", IF(LEN(TRIM(INDEX(tblDocuments[Description], $K69) & "")) > 165, LEFT(TRIM(INDEX(tblDocuments[Description], $K69) & ""), 164) & "…", TRIM(INDEX(tblDocuments[Description], $K69) & "")))), "") -> Monthly health review checklist covering capacity trend, patch level, backup success and open risks. | K69: =IFERROR(IF(58 > ResultCount, "", MATCH(LARGE(tblDocuments[Sort Key], 58), tblDocuments[Sort Key], 0)), "") -> 58
E70: =IFERROR(IF($K70 = "", "", IF(INDEX(tblDocuments[Link Out], $K70) = "", INDEX(tblDocuments[Display Name], $K70), HYPERLINK(INDEX(tblDocuments[Link Out], $K70), INDEX(tblDocuments[Display Name], $K70)))), "") -> AVS Monthly Service Report Template | F70: =IFERROR(IF($K70 = "", "", IF(TRIM(INDEX(tblDocuments[Document Type], $K70) & "") = "", "—", TRIM(INDEX(tblDocuments[Document Type], $K70) & ""))), "") -> Report | G70: =IFERROR(IF($K70 = "", "", INDEX(tblDocuments[Scope Group], $K70)), "") -> Operations | H70: =IFERROR(IF($K70 = "", "", IF(TRIM(INDEX(tblDocuments[Description], $K70) & "") = "", "—", IF(LEN(TRIM(INDEX(tblDocuments[Description], $K70) & "")) > 165, LEFT(TRIM(INDEX(tblDocuments[Description], $K70) & ""), 164) & "…", TRIM(INDEX(tblDocuments[Description], $K70) & "")))), "") -> Template for the monthly service report issued to the business, including availability and incident summary. | K70: =IFERROR(IF(59 > ResultCount, "", MATCH(LARGE(tblDocuments[Sort Key], 59), tblDocuments[Sort Key], 0)), "") -> 59
E71: =IFERROR(IF($K71 = "", "", IF(INDEX(tblDocuments[Link Out], $K71) = "", INDEX(tblDocuments[Display Name], $K71), HYPERLINK(INDEX(tblDocuments[Link Out], $K71), INDEX(tblDocuments[Display Name], $K71)))), "") -> Virtual Machine Provisioning Standard | F71: =IFERROR(IF($K71 = "", "", IF(TRIM(INDEX(tblDocuments[Document Type], $K71) & "") = "", "—", TRIM(INDEX(tblDocuments[Document Type], $K71) & ""))), "") -> SOP | G71: =IFERROR(IF($K71 = "", "", INDEX(tblDocuments[Scope Group], $K71)), "") -> Operations | H71: =IFERROR(IF($K71 = "", "", IF(TRIM(INDEX(tblDocuments[Description], $K71) & "") = "", "—", IF(LEN(TRIM(INDEX(tblDocuments[Description], $K71) & "")) > 165, LEFT(TRIM(INDEX(tblDocuments[Description], $K71) & ""), 164) & "…", TRIM(INDEX(tblDocuments[Description], $K71) & "")))), "") -> Standard for provisioning new virtual machines in AVS including naming, tagging, sizing and placement rules. | K71: =IFERROR(IF(60 > ResultCount, "", MATCH(LARGE(tblDocuments[Sort Key], 60), tblDocuments[Sort Key], 0)), "") -> 60
E72: =IFERROR(IF($K72 = "", "", IF(INDEX(tblDocuments[Link Out], $K72) = "", INDEX(tblDocuments[Display Name], $K72), HYPERLINK(INDEX(tblDocuments[Link Out], $K72), INDEX(tblDocuments[Display Name], $K72)))), "") -> vRealize Operations Dashboard Guide | F72: =IFERROR(IF($K72 = "", "", IF(TRIM(INDEX(tblDocuments[Document Type], $K72) & "") = "", "—", TRIM(INDEX(tblDocuments[Document Type], $K72) & ""))), "") -> Guide | G72: =IFERROR(IF($K72 = "", "", INDEX(tblDocuments[Scope Group], $K72)), "") -> Operations | H72: =IFERROR(IF($K72 = "", "", IF(TRIM(INDEX(tblDocuments[Description], $K72) & "") = "", "—", IF(LEN(TRIM(INDEX(tblDocuments[Description], $K72) & "")) > 165, LEFT(TRIM(INDEX(tblDocuments[Description], $K72) & ""), 164) & "…", TRIM(INDEX(tblDocuments[Description], $K72) & "")))), "") -> Guide to the custom vRealize Operations dashboards built for the AVS platform and how to interpret them. | K72: =IFERROR(IF(61 > ResultCount, "", MATCH(LARGE(tblDocuments[Sort Key], 61), tblDocuments[Sort Key], 0)), "") -> 61
E73: =IFERROR(IF($K73 = "", "", IF(INDEX(tblDocuments[Link Out], $K73) = "", INDEX(tblDocuments[Display Name], $K73), HYPERLINK(INDEX(tblDocuments[Link Out], $K73), INDEX(tblDocuments[Display Name], $K73)))), "") -> Troubleshooting VM Performance Issues | F73: =IFERROR(IF($K73 = "", "", IF(TRIM(INDEX(tblDocuments[Document Type], $K73) & "") = "", "—", TRIM(INDEX(tblDocuments[Document Type], $K73) & ""))), "") -> Runbook | G73: =IFERROR(IF($K73 = "", "", INDEX(tblDocuments[Scope Group], $K73)), "") -> Operations | H73: =IFERROR(IF($K73 = "", "", IF(TRIM(INDEX(tblDocuments[Description], $K73) & "") = "", "—", IF(LEN(TRIM(INDEX(tblDocuments[Description], $K73) & "")) > 165, LEFT(TRIM(INDEX(tblDocuments[Description], $K73) & ""), 164) & "…", TRIM(INDEX(tblDocuments[Description], $K73) & "")))), "") -> Troubleshooting flow for CPU ready, memory ballooning, storage latency and network drops affecting AVS workloads. | K73: =IFERROR(IF(62 > ResultCount, "", MATCH(LARGE(tblDocuments[Sort Key], 62), tblDocuments[Sort Key], 0)), "") -> 62
E74: =IFERROR(IF($K74 = "", "", IF(INDEX(tblDocuments[Link Out], $K74) = "", INDEX(tblDocuments[Display Name], $K74), HYPERLINK(INDEX(tblDocuments[Link Out], $K74), INDEX(tblDocuments[Display Name], $K74)))), "") -> Tagging and Naming Convention Policy | F74: =IFERROR(IF($K74 = "", "", IF(TRIM(INDEX(tblDocuments[Document Type], $K74) & "") = "", "—", TRIM(INDEX(tblDocuments[Document Type], $K74) & ""))), "") -> Policy | G74: =IFERROR(IF($K74 = "", "", INDEX(tblDocuments[Scope Group], $K74)), "") -> Operations | H74: =IFERROR(IF($K74 = "", "", IF(TRIM(INDEX(tblDocuments[Description], $K74) & "") = "", "—", IF(LEN(TRIM(INDEX(tblDocuments[Description], $K74) & "")) > 165, LEFT(TRIM(INDEX(tblDocuments[Description], $K74) & ""), 164) & "…", TRIM(INDEX(tblDocuments[Description], $K74) & "")))), "") -> Mandatory resource tagging and naming conventions applied to AVS resources and hosted workloads. | K74: =IFERROR(IF(63 > ResultCount, "", MATCH(LARGE(tblDocuments[Sort Key], 63), tblDocuments[Sort Key], 0)), "") -> 63
E75: =IFERROR(IF($K75 = "", "", IF(INDEX(tblDocuments[Link Out], $K75) = "", INDEX(tblDocuments[Display Name], $K75), HYPERLINK(INDEX(tblDocuments[Link Out], $K75), INDEX(tblDocuments[Display Name], $K75)))), "") -> vSAN Storage Policy Low Level Design | F75: =IFERROR(IF($K75 = "", "", IF(TRIM(INDEX(tblDocuments[Document Type], $K75) & "") = "", "—", TRIM(INDEX(tblDocuments[Document Type], $K75) & ""))), "") -> LLD | G75: =IFERROR(IF($K75 = "", "", INDEX(tblDocuments[Scope Group], $K75)), "") -> Storage | H75: =IFERROR(IF($K75 = "", "", IF(TRIM(INDEX(tblDocuments[Description], $K75) & "") = "", "—", IF(LEN(TRIM(INDEX(tblDocuments[Description], $K75) & "")) > 165, LEFT(TRIM(INDEX(tblDocuments[Description], $K75) & ""), 164) & "…", TRIM(INDEX(tblDocuments[Description], $K75) & "")))), "") -> Design of the vSAN storage policies including failures to tolerate, stripe width and the policy to workload mapping. | K75: =IFERROR(IF(64 > ResultCount, "", MATCH(LARGE(tblDocuments[Sort Key], 64), tblDocuments[Sort Key], 0)), "") -> 64
E76: =IFERROR(IF($K76 = "", "", IF(INDEX(tblDocuments[Link Out], $K76) = "", INDEX(tblDocuments[Display Name], $K76), HYPERLINK(INDEX(tblDocuments[Link Out], $K76), INDEX(tblDocuments[Display Name], $K76)))), "") -> Azure NetApp Files Datastore Guide | F76: =IFERROR(IF($K76 = "", "", IF(TRIM(INDEX(tblDocuments[Document Type], $K76) & "") = "", "—", TRIM(INDEX(tblDocuments[Document Type], $K76) & ""))), "") -> Guide | G76: =IFERROR(IF($K76 = "", "", INDEX(tblDocuments[Scope Group], $K76)), "") -> Storage | H76: =IFERROR(IF($K76 = "", "", IF(TRIM(INDEX(tblDocuments[Description], $K76) & "") = "", "—", IF(LEN(TRIM(INDEX(tblDocuments[Description], $K76) & "")) > 165, LEFT(TRIM(INDEX(tblDocuments[Description], $K76) & ""), 164) & "…", TRIM(INDEX(tblDocuments[Description], $K76) & "")))), "") -> Guide to attaching and operating Azure NetApp Files datastores with AVS to decouple storage from compute scaling. | K76: =IFERROR(IF(65 > ResultCount, "", MATCH(LARGE(tblDocuments[Sort Key], 65), tblDocuments[Sort Key], 0)), "") -> 65
E77: =IFERROR(IF($K77 = "", "", IF(INDEX(tblDocuments[Link Out], $K77) = "", INDEX(tblDocuments[Display Name], $K77), HYPERLINK(INDEX(tblDocuments[Link Out], $K77), INDEX(tblDocuments[Display Name], $K77)))), "") -> Datastore Capacity Management Runbook | F77: =IFERROR(IF($K77 = "", "", IF(TRIM(INDEX(tblDocuments[Document Type], $K77) & "") = "", "—", TRIM(INDEX(tblDocuments[Document Type], $K77) & ""))), "") -> Runbook | G77: =IFERROR(IF($K77 = "", "", INDEX(tblDocuments[Scope Group], $K77)), "") -> Storage | H77: =IFERROR(IF($K77 = "", "", IF(TRIM(INDEX(tblDocuments[Description], $K77) & "") = "", "—", IF(LEN(TRIM(INDEX(tblDocuments[Description], $K77) & "")) > 165, LEFT(TRIM(INDEX(tblDocuments[Description], $K77) & ""), 164) & "…", TRIM(INDEX(tblDocuments[Description], $K77) & "")))), "") -> Runbook for monitoring datastore utilisation, managing slack space and responding to capacity alerts. | K77: =IFERROR(IF(66 > ResultCount, "", MATCH(LARGE(tblDocuments[Sort Key], 66), tblDocuments[Sort Key], 0)), "") -> 66
E78: =IFERROR(IF($K78 = "", "", IF(INDEX(tblDocuments[Link Out], $K78) = "", INDEX(tblDocuments[Display Name], $K78), HYPERLINK(INDEX(tblDocuments[Link Out], $K78), INDEX(tblDocuments[Display Name], $K78)))), "") -> Elastic SAN and Azure Files Integration | F78: =IFERROR(IF($K78 = "", "", IF(TRIM(INDEX(tblDocuments[Document Type], $K78) & "") = "", "—", TRIM(INDEX(tblDocuments[Document Type], $K78) & ""))), "") -> Guide | G78: =IFERROR(IF($K78 = "", "", INDEX(tblDocuments[Scope Group], $K78)), "") -> Storage | H78: =IFERROR(IF($K78 = "", "", IF(TRIM(INDEX(tblDocuments[Description], $K78) & "") = "", "—", IF(LEN(TRIM(INDEX(tblDocuments[Description], $K78) & "")) > 165, LEFT(TRIM(INDEX(tblDocuments[Description], $K78) & ""), 164) & "…", TRIM(INDEX(tblDocuments[Description], $K78) & "")))), "") -> Options for presenting Azure Elastic SAN and Azure Files storage to workloads running in AVS. | K78: =IFERROR(IF(67 > ResultCount, "", MATCH(LARGE(tblDocuments[Sort Key], 67), tblDocuments[Sort Key], 0)), "") -> 67
E79: =IFERROR(IF($K79 = "", "", IF(INDEX(tblDocuments[Link Out], $K79) = "", INDEX(tblDocuments[Display Name], $K79), HYPERLINK(INDEX(tblDocuments[Link Out], $K79), INDEX(tblDocuments[Display Name], $K79)))), "") -> Storage Policy Change Procedure | F79: =IFERROR(IF($K79 = "", "", IF(TRIM(INDEX(tblDocuments[Document Type], $K79) & "") = "", "—", TRIM(INDEX(tblDocuments[Document Type], $K79) & ""))), "") -> SOP | G79: =IFERROR(IF($K79 = "", "", INDEX(tblDocuments[Scope Group], $K79)), "") -> Storage | H79: =IFERROR(IF($K79 = "", "", IF(TRIM(INDEX(tblDocuments[Description], $K79) & "") = "", "—", IF(LEN(TRIM(INDEX(tblDocuments[Description], $K79) & "")) > 165, LEFT(TRIM(INDEX(tblDocuments[Description], $K79) & ""), 164) & "…", TRIM(INDEX(tblDocuments[Description], $K79) & "")))), "") -> Procedure for changing a virtual machine storage policy including impact assessment and resync monitoring. | K79: =IFERROR(IF(68 > ResultCount, "", MATCH(LARGE(tblDocuments[Sort Key], 68), tblDocuments[Sort Key], 0)), "") -> 68
E80: =IFERROR(IF($K80 = "", "", IF(INDEX(tblDocuments[Link Out], $K80) = "", INDEX(tblDocuments[Display Name], $K80), HYPERLINK(INDEX(tblDocuments[Link Out], $K80), INDEX(tblDocuments[Display Name], $K80)))), "") -> vSAN Utilisation and Growth Report | F80: =IFERROR(IF($K80 = "", "", IF(TRIM(INDEX(tblDocuments[Document Type], $K80) & "") = "", "—", TRIM(INDEX(tblDocuments[Document Type], $K80) & ""))), "") -> Report | G80: =IFERROR(IF($K80 = "", "", INDEX(tblDocuments[Scope Group], $K80)), "") -> Storage | H80: =IFERROR(IF($K80 = "", "", IF(TRIM(INDEX(tblDocuments[Description], $K80) & "") = "", "—", IF(LEN(TRIM(INDEX(tblDocuments[Description], $K80) & "")) > 165, LEFT(TRIM(INDEX(tblDocuments[Description], $K80) & ""), 164) & "…", TRIM(INDEX(tblDocuments[Description], $K80) & "")))), "") -> Monthly vSAN utilisation, deduplication ratio and projected growth across all clusters. | K80: =IFERROR(IF(69 > ResultCount, "", MATCH(LARGE(tblDocuments[Sort Key], 69), tblDocuments[Sort Key], 0)), "") -> 69
E81: =IFERROR(IF($K81 = "", "", IF(INDEX(tblDocuments[Link Out], $K81) = "", INDEX(tblDocuments[Display Name], $K81), HYPERLINK(INDEX(tblDocuments[Link Out], $K81), INDEX(tblDocuments[Display Name], $K81)))), "") -> Backup and Recovery High Level Design | F81: =IFERROR(IF($K81 = "", "", IF(TRIM(INDEX(tblDocuments[Document Type], $K81) & "") = "", "—", TRIM(INDEX(tblDocuments[Document Type], $K81) & ""))), "") -> HLD | G81: =IFERROR(IF($K81 = "", "", INDEX(tblDocuments[Scope Group], $K81)), "") -> Backup & DR | H81: =IFERROR(IF($K81 = "", "", IF(TRIM(INDEX(tblDocuments[Description], $K81) & "") = "", "—", IF(LEN(TRIM(INDEX(tblDocuments[Description], $K81) & "")) > 165, LEFT(TRIM(INDEX(tblDocuments[Description], $K81) & ""), 164) & "…", TRIM(INDEX(tblDocuments[Description], $K81) & "")))), "") -> High level design for backing up AVS workloads, retention tiers and the placement of backup infrastructure. | K81: =IFERROR(IF(70 > ResultCount, "", MATCH(LARGE(tblDocuments[Sort Key], 70), tblDocuments[Sort Key], 0)), "") -> 70
E82: =IFERROR(IF($K82 = "", "", IF(INDEX(tblDocuments[Link Out], $K82) = "", INDEX(tblDocuments[Display Name], $K82), HYPERLINK(INDEX(tblDocuments[Link Out], $K82), INDEX(tblDocuments[Display Name], $K82)))), "") -> Veeam Backup Restore Runbook | F82: =IFERROR(IF($K82 = "", "", IF(TRIM(INDEX(tblDocuments[Document Type], $K82) & "") = "", "—", TRIM(INDEX(tblDocuments[Document Type], $K82) & ""))), "") -> Runbook | G82: =IFERROR(IF($K82 = "", "", INDEX(tblDocuments[Scope Group], $K82)), "") -> Backup & DR | H82: =IFERROR(IF($K82 = "", "", IF(TRIM(INDEX(tblDocuments[Description], $K82) & "") = "", "—", IF(LEN(TRIM(INDEX(tblDocuments[Description], $K82) & "")) > 165, LEFT(TRIM(INDEX(tblDocuments[Description], $K82) & ""), 164) & "…", TRIM(INDEX(tblDocuments[Description], $K82) & "")))), "") -> Runbook for performing file level, VM level and full application restores from Veeam backups. | K82: =IFERROR(IF(71 > ResultCount, "", MATCH(LARGE(tblDocuments[Sort Key], 71), tblDocuments[Sort Key], 0)), "") -> 71
E83: =IFERROR(IF($K83 = "", "", IF(INDEX(tblDocuments[Link Out], $K83) = "", INDEX(tblDocuments[Display Name], $K83), HYPERLINK(INDEX(tblDocuments[Link Out], $K83), INDEX(tblDocuments[Display Name], $K83)))), "") -> Disaster Recovery Design for AVS | F83: =IFERROR(IF($K83 = "", "", IF(TRIM(INDEX(tblDocuments[Document Type], $K83) & "") = "", "—", TRIM(INDEX(tblDocuments[Document Type], $K83) & ""))), "") -> HLD | G83: =IFERROR(IF($K83 = "", "", INDEX(tblDocuments[Scope Group], $K83)), "") -> Backup & DR | H83: =IFERROR(IF($K83 = "", "", IF(TRIM(INDEX(tblDocuments[Description], $K83) & "") = "", "—", IF(LEN(TRIM(INDEX(tblDocuments[Description], $K83) & "")) > 165, LEFT(TRIM(INDEX(tblDocuments[Description], $K83) & ""), 164) & "…", TRIM(INDEX(tblDocuments[Description], $K83) & "")))), "") -> DR design covering the protected estate, recovery site, RPO and RTO commitments and orchestration tooling. | K83: =IFERROR(IF(72 > ResultCount, "", MATCH(LARGE(tblDocuments[Sort Key], 72), tblDocuments[Sort Key], 0)), "") -> 72
E84: =IFERROR(IF($K84 = "", "", IF(INDEX(tblDocuments[Link Out], $K84) = "", INDEX(tblDocuments[Display Name], $K84), HYPERLINK(INDEX(tblDocuments[Link Out], $K84), INDEX(tblDocuments[Display Name], $K84)))), "") -> DR Failover and Failback Runbook | F84: =IFERROR(IF($K84 = "", "", IF(TRIM(INDEX(tblDocuments[Document Type], $K84) & "") = "", "—", TRIM(INDEX(tblDocuments[Document Type], $K84) & ""))), "") -> Runbook | G84: =IFERROR(IF($K84 = "", "", INDEX(tblDocuments[Scope Group], $K84)), "") -> Backup & DR | H84: =IFERROR(IF($K84 = "", "", IF(TRIM(INDEX(tblDocuments[Description], $K84) & "") = "", "—", IF(LEN(TRIM(INDEX(tblDocuments[Description], $K84) & "")) > 165, LEFT(TRIM(INDEX(tblDocuments[Description], $K84) & ""), 164) & "…", TRIM(INDEX(tblDocuments[Description], $K84) & "")))), "") -> Runbook for declaring a disaster, executing failover to the recovery region and subsequently failing back. | K84: =IFERROR(IF(73 > ResultCount, "", MATCH(LARGE(tblDocuments[Sort Key], 73), tblDocuments[Sort Key], 0)), "") -> 73
E85: =IFERROR(IF($K85 = "", "", IF(INDEX(tblDocuments[Link Out], $K85) = "", INDEX(tblDocuments[Display Name], $K85), HYPERLINK(INDEX(tblDocuments[Link Out], $K85), INDEX(tblDocuments[Display Name], $K85)))), "") -> VMware Site Recovery Manager Configuration | F85: =IFERROR(IF($K85 = "", "", IF(TRIM(INDEX(tblDocuments[Document Type], $K85) & "") = "", "—", TRIM(INDEX(tblDocuments[Document Type], $K85) & ""))), "") -> Guide | G85: =IFERROR(IF($K85 = "", "", INDEX(tblDocuments[Scope Group], $K85)), "") -> Backup & DR | H85: =IFERROR(IF($K85 = "", "", IF(TRIM(INDEX(tblDocuments[Description], $K85) & "") = "", "—", IF(LEN(TRIM(INDEX(tblDocuments[Description], $K85) & "")) > 165, LEFT(TRIM(INDEX(tblDocuments[Description], $K85) & ""), 164) & "…", TRIM(INDEX(tblDocuments[Description], $K85) & "")))), "") -> Configuration guide for SRM protection groups, recovery plans and replication settings used in the DR solution. | K85: =IFERROR(IF(74 > ResultCount, "", MATCH(LARGE(tblDocuments[Sort Key], 74), tblDocuments[Sort Key], 0)), "") -> 74
E86: =IFERROR(IF($K86 = "", "", IF(INDEX(tblDocuments[Link Out], $K86) = "", INDEX(tblDocuments[Display Name], $K86), HYPERLINK(INDEX(tblDocuments[Link Out], $K86), INDEX(tblDocuments[Display Name], $K86)))), "") -> Annual DR Test Report | F86: =IFERROR(IF($K86 = "", "", IF(TRIM(INDEX(tblDocuments[Document Type], $K86) & "") = "", "—", TRIM(INDEX(tblDocuments[Document Type], $K86) & ""))), "") -> Report | G86: =IFERROR(IF($K86 = "", "", INDEX(tblDocuments[Scope Group], $K86)), "") -> Backup & DR | H86: =IFERROR(IF($K86 = "", "", IF(TRIM(INDEX(tblDocuments[Description], $K86) & "") = "", "—", IF(LEN(TRIM(INDEX(tblDocuments[Description], $K86) & "")) > 165, LEFT(TRIM(INDEX(tblDocuments[Description], $K86) & ""), 164) & "…", TRIM(INDEX(tblDocuments[Description], $K86) & "")))), "") -> Results of the annual disaster recovery test including achieved RTO, issues encountered and remediation actions. | K86: =IFERROR(IF(75 > ResultCount, "", MATCH(LARGE(tblDocuments[Sort Key], 75), tblDocuments[Sort Key], 0)), "") -> 75
E87: =IFERROR(IF($K87 = "", "", IF(INDEX(tblDocuments[Link Out], $K87) = "", INDEX(tblDocuments[Display Name], $K87), HYPERLINK(INDEX(tblDocuments[Link Out], $K87), INDEX(tblDocuments[Display Name], $K87)))), "") -> DR Invocation Checklist | F87: =IFERROR(IF($K87 = "", "", IF(TRIM(INDEX(tblDocuments[Document Type], $K87) & "") = "", "—", TRIM(INDEX(tblDocuments[Document Type], $K87) & ""))), "") -> Checklist | G87: =IFERROR(IF($K87 = "", "", INDEX(tblDocuments[Scope Group], $K87)), "") -> Backup & DR | H87: =IFERROR(IF($K87 = "", "", IF(TRIM(INDEX(tblDocuments[Description], $K87) & "") = "", "—", IF(LEN(TRIM(INDEX(tblDocuments[Description], $K87) & "")) > 165, LEFT(TRIM(INDEX(tblDocuments[Description], $K87) & ""), 164) & "…", TRIM(INDEX(tblDocuments[Description], $K87) & "")))), "") -> Checklist used by the incident commander when invoking disaster recovery for the AVS estate. | K87: =IFERROR(IF(76 > ResultCount, "", MATCH(LARGE(tblDocuments[Sort Key], 76), tblDocuments[Sort Key], 0)), "") -> 76
E88: =IFERROR(IF($K88 = "", "", IF(INDEX(tblDocuments[Link Out], $K88) = "", INDEX(tblDocuments[Display Name], $K88), HYPERLINK(INDEX(tblDocuments[Link Out], $K88), INDEX(tblDocuments[Display Name], $K88)))), "") -> Backup Retention and Restore Testing Policy | F88: =IFERROR(IF($K88 = "", "", IF(TRIM(INDEX(tblDocuments[Document Type], $K88) & "") = "", "—", TRIM(INDEX(tblDocuments[Document Type], $K88) & ""))), "") -> Policy | G88: =IFERROR(IF($K88 = "", "", INDEX(tblDocuments[Scope Group], $K88)), "") -> Backup & DR | H88: =IFERROR(IF($K88 = "", "", IF(TRIM(INDEX(tblDocuments[Description], $K88) & "") = "", "—", IF(LEN(TRIM(INDEX(tblDocuments[Description], $K88) & "")) > 165, LEFT(TRIM(INDEX(tblDocuments[Description], $K88) & ""), 164) & "…", TRIM(INDEX(tblDocuments[Description], $K88) & "")))), "") -> Policy defining backup retention periods by data classification and the mandatory restore testing cadence. | K88: =IFERROR(IF(77 > ResultCount, "", MATCH(LARGE(tblDocuments[Sort Key], 77), tblDocuments[Sort Key], 0)), "") -> 77
E89: =IFERROR(IF($K89 = "", "", IF(INDEX(tblDocuments[Link Out], $K89) = "", INDEX(tblDocuments[Display Name], $K89), HYPERLINK(INDEX(tblDocuments[Link Out], $K89), INDEX(tblDocuments[Display Name], $K89)))), "") -> Azure Site Recovery for AVS Workloads | F89: =IFERROR(IF($K89 = "", "", IF(TRIM(INDEX(tblDocuments[Document Type], $K89) & "") = "", "—", TRIM(INDEX(tblDocuments[Document Type], $K89) & ""))), "") -> Guide | G89: =IFERROR(IF($K89 = "", "", INDEX(tblDocuments[Scope Group], $K89)), "") -> Backup & DR | H89: =IFERROR(IF($K89 = "", "", IF(TRIM(INDEX(tblDocuments[Description], $K89) & "") = "", "—", IF(LEN(TRIM(INDEX(tblDocuments[Description], $K89) & "")) > 165, LEFT(TRIM(INDEX(tblDocuments[Description], $K89) & ""), 164) & "…", TRIM(INDEX(tblDocuments[Description], $K89) & "")))), "") -> Using Azure Site Recovery to protect AVS hosted workloads into an Azure native recovery target. | K89: =IFERROR(IF(78 > ResultCount, "", MATCH(LARGE(tblDocuments[Sort Key], 78), tblDocuments[Sort Key], 0)), "") -> 78
E90: =IFERROR(IF($K90 = "", "", IF(INDEX(tblDocuments[Link Out], $K90) = "", INDEX(tblDocuments[Display Name], $K90), HYPERLINK(INDEX(tblDocuments[Link Out], $K90), INDEX(tblDocuments[Display Name], $K90)))), "") -> vCenter Identity Source Configuration | F90: =IFERROR(IF($K90 = "", "", IF(TRIM(INDEX(tblDocuments[Document Type], $K90) & "") = "", "—", TRIM(INDEX(tblDocuments[Document Type], $K90) & ""))), "") -> Guide | G90: =IFERROR(IF($K90 = "", "", INDEX(tblDocuments[Scope Group], $K90)), "") -> Identity | H90: =IFERROR(IF($K90 = "", "", IF(TRIM(INDEX(tblDocuments[Description], $K90) & "") = "", "—", IF(LEN(TRIM(INDEX(tblDocuments[Description], $K90) & "")) > 165, LEFT(TRIM(INDEX(tblDocuments[Description], $K90) & ""), 164) & "…", TRIM(INDEX(tblDocuments[Description], $K90) & "")))), "") -> Configuring external identity sources for vCenter single sign on, including LDAPS to corporate directories. | K90: =IFERROR(IF(79 > ResultCount, "", MATCH(LARGE(tblDocuments[Sort Key], 79), tblDocuments[Sort Key], 0)), "") -> 79
E91: =IFERROR(IF($K91 = "", "", IF(INDEX(tblDocuments[Link Out], $K91) = "", INDEX(tblDocuments[Display Name], $K91), HYPERLINK(INDEX(tblDocuments[Link Out], $K91), INDEX(tblDocuments[Display Name], $K91)))), "") -> Entra ID Integration Architecture | F91: =IFERROR(IF($K91 = "", "", IF(TRIM(INDEX(tblDocuments[Document Type], $K91) & "") = "", "—", TRIM(INDEX(tblDocuments[Document Type], $K91) & ""))), "") -> Architecture | G91: =IFERROR(IF($K91 = "", "", INDEX(tblDocuments[Scope Group], $K91)), "") -> Identity | H91: =IFERROR(IF($K91 = "", "", IF(TRIM(INDEX(tblDocuments[Description], $K91) & "") = "", "—", IF(LEN(TRIM(INDEX(tblDocuments[Description], $K91) & "")) > 165, LEFT(TRIM(INDEX(tblDocuments[Description], $K91) & ""), 164) & "…", TRIM(INDEX(tblDocuments[Description], $K91) & "")))), "") -> How Microsoft Entra ID, Entra Domain Services and vCenter SSO integrate to provide identity for the AVS estate. | K91: =IFERROR(IF(80 > ResultCount, "", MATCH(LARGE(tblDocuments[Sort Key], 80), tblDocuments[Sort Key], 0)), "") -> 80
E92: =IFERROR(IF($K92 = "", "", IF(INDEX(tblDocuments[Link Out], $K92) = "", INDEX(tblDocuments[Display Name], $K92), HYPERLINK(INDEX(tblDocuments[Link Out], $K92), INDEX(tblDocuments[Display Name], $K92)))), "") -> Role Based Access Control Model | F92: =IFERROR(IF($K92 = "", "", IF(TRIM(INDEX(tblDocuments[Document Type], $K92) & "") = "", "—", TRIM(INDEX(tblDocuments[Document Type], $K92) & ""))), "") -> Policy | G92: =IFERROR(IF($K92 = "", "", INDEX(tblDocuments[Scope Group], $K92)), "") -> Identity | H92: =IFERROR(IF($K92 = "", "", IF(TRIM(INDEX(tblDocuments[Description], $K92) & "") = "", "—", IF(LEN(TRIM(INDEX(tblDocuments[Description], $K92) & "")) > 165, LEFT(TRIM(INDEX(tblDocuments[Description], $K92) & ""), 164) & "…", TRIM(INDEX(tblDocuments[Description], $K92) & "")))), "") -> RBAC model defining roles, permissions and separation of duties across vCenter, NSX-T and the Azure control plane. | K92: =IFERROR(IF(81 > ResultCount, "", MATCH(LARGE(tblDocuments[Sort Key], 81), tblDocuments[Sort Key], 0)), "") -> 81
E93: =IFERROR(IF($K93 = "", "", IF(INDEX(tblDocuments[Link Out], $K93) = "", INDEX(tblDocuments[Display Name], $K93), HYPERLINK(INDEX(tblDocuments[Link Out], $K93), INDEX(tblDocuments[Display Name], $K93)))), "") -> CloudAdmin Account Management Procedure | F93: =IFERROR(IF($K93 = "", "", IF(TRIM(INDEX(tblDocuments[Document Type], $K93) & "") = "", "—", TRIM(INDEX(tblDocuments[Document Type], $K93) & ""))), "") -> SOP | G93: =IFERROR(IF($K93 = "", "", INDEX(tblDocuments[Scope Group], $K93)), "") -> Identity | H93: =IFERROR(IF($K93 = "", "", IF(TRIM(INDEX(tblDocuments[Description], $K93) & "") = "", "—", IF(LEN(TRIM(INDEX(tblDocuments[Description], $K93) & "")) > 165, LEFT(TRIM(INDEX(tblDocuments[Description], $K93) & ""), 164) & "…", TRIM(INDEX(tblDocuments[Description], $K93) & "")))), "") -> Procedure for managing the built-in cloudadmin account, rotating credentials and delegating permissions. | K93: =IFERROR(IF(82 > ResultCount, "", MATCH(LARGE(tblDocuments[Sort Key], 82), tblDocuments[Sort Key], 0)), "") -> 82
E94: =IFERROR(IF($K94 = "", "", IF(INDEX(tblDocuments[Link Out], $K94) = "", INDEX(tblDocuments[Display Name], $K94), HYPERLINK(INDEX(tblDocuments[Link Out], $K94), INDEX(tblDocuments[Display Name], $K94)))), "") -> Multi Factor Authentication Rollout Guide | F94: =IFERROR(IF($K94 = "", "", IF(TRIM(INDEX(tblDocuments[Document Type], $K94) & "") = "", "—", TRIM(INDEX(tblDocuments[Document Type], $K94) & ""))), "") -> Guide | G94: =IFERROR(IF($K94 = "", "", INDEX(tblDocuments[Scope Group], $K94)), "") -> Identity | H94: =IFERROR(IF($K94 = "", "", IF(TRIM(INDEX(tblDocuments[Description], $K94) & "") = "", "—", IF(LEN(TRIM(INDEX(tblDocuments[Description], $K94) & "")) > 165, LEFT(TRIM(INDEX(tblDocuments[Description], $K94) & ""), 164) & "…", TRIM(INDEX(tblDocuments[Description], $K94) & "")))), "") -> Rollout guide for enforcing MFA on all administrative access paths into the AVS platform. | K94: =IFERROR(IF(83 > ResultCount, "", MATCH(LARGE(tblDocuments[Sort Key], 83), tblDocuments[Sort Key], 0)), "") -> 83
E95: =IFERROR(IF($K95 = "", "", IF(INDEX(tblDocuments[Link Out], $K95) = "", INDEX(tblDocuments[Display Name], $K95), HYPERLINK(INDEX(tblDocuments[Link Out], $K95), INDEX(tblDocuments[Display Name], $K95)))), "") -> Joiner Mover Leaver Checklist for Platform Access | F95: =IFERROR(IF($K95 = "", "", IF(TRIM(INDEX(tblDocuments[Document Type], $K95) & "") = "", "—", TRIM(INDEX(tblDocuments[Document Type], $K95) & ""))), "") -> Checklist | G95: =IFERROR(IF($K95 = "", "", INDEX(tblDocuments[Scope Group], $K95)), "") -> Identity | H95: =IFERROR(IF($K95 = "", "", IF(TRIM(INDEX(tblDocuments[Description], $K95) & "") = "", "—", IF(LEN(TRIM(INDEX(tblDocuments[Description], $K95) & "")) > 165, LEFT(TRIM(INDEX(tblDocuments[Description], $K95) & ""), 164) & "…", TRIM(INDEX(tblDocuments[Description], $K95) & "")))), "") -> Access provisioning and revocation checklist for staff joining, moving within or leaving the platform team. | K95: =IFERROR(IF(84 > ResultCount, "", MATCH(LARGE(tblDocuments[Sort Key], 84), tblDocuments[Sort Key], 0)), "") -> 84
E96: =IFERROR(IF($K96 = "", "", IF(INDEX(tblDocuments[Link Out], $K96) = "", INDEX(tblDocuments[Display Name], $K96), HYPERLINK(INDEX(tblDocuments[Link Out], $K96), INDEX(tblDocuments[Display Name], $K96)))), "") -> AVS Governance Framework | F96: =IFERROR(IF($K96 = "", "", IF(TRIM(INDEX(tblDocuments[Document Type], $K96) & "") = "", "—", TRIM(INDEX(tblDocuments[Document Type], $K96) & ""))), "") -> Policy | G96: =IFERROR(IF($K96 = "", "", INDEX(tblDocuments[Scope Group], $K96)), "") -> Governance | H96: =IFERROR(IF($K96 = "", "", IF(TRIM(INDEX(tblDocuments[Description], $K96) & "") = "", "—", IF(LEN(TRIM(INDEX(tblDocuments[Description], $K96) & "")) > 165, LEFT(TRIM(INDEX(tblDocuments[Description], $K96) & ""), 164) & "…", TRIM(INDEX(tblDocuments[Description], $K96) & "")))), "") -> Governance framework describing the operating model, decision forums, RACI and policy hierarchy for AVS. | K96: =IFERROR(IF(85 > ResultCount, "", MATCH(LARGE(tblDocuments[Sort Key], 85), tblDocuments[Sort Key], 0)), "") -> 85
E97: =IFERROR(IF($K97 = "", "", IF(INDEX(tblDocuments[Link Out], $K97) = "", INDEX(tblDocuments[Display Name], $K97), HYPERLINK(INDEX(tblDocuments[Link Out], $K97), INDEX(tblDocuments[Display Name], $K97)))), "") -> Azure Policy and Compliance Guardrails | F97: =IFERROR(IF($K97 = "", "", IF(TRIM(INDEX(tblDocuments[Document Type], $K97) & "") = "", "—", TRIM(INDEX(tblDocuments[Document Type], $K97) & ""))), "") -> Guide | G97: =IFERROR(IF($K97 = "", "", INDEX(tblDocuments[Scope Group], $K97)), "") -> Governance | H97: =IFERROR(IF($K97 = "", "", IF(TRIM(INDEX(tblDocuments[Description], $K97) & "") = "", "—", IF(LEN(TRIM(INDEX(tblDocuments[Description], $K97) & "")) > 165, LEFT(TRIM(INDEX(tblDocuments[Description], $K97) & ""), 164) & "…", TRIM(INDEX(tblDocuments[Description], $K97) & "")))), "") -> Guardrails applied through Azure Policy to the subscriptions hosting AVS and how exemptions are approved. | K97: =IFERROR(IF(86 > ResultCount, "", MATCH(LARGE(tblDocuments[Sort Key], 86), tblDocuments[Sort Key], 0)), "") -> 86
E98: =IFERROR(IF($K98 = "", "", IF(INDEX(tblDocuments[Link Out], $K98) = "", INDEX(tblDocuments[Display Name], $K98), HYPERLINK(INDEX(tblDocuments[Link Out], $K98), INDEX(tblDocuments[Display Name], $K98)))), "") -> Quarterly Compliance Attestation Report | F98: =IFERROR(IF($K98 = "", "", IF(TRIM(INDEX(tblDocuments[Document Type], $K98) & "") = "", "—", TRIM(INDEX(tblDocuments[Document Type], $K98) & ""))), "") -> Report | G98: =IFERROR(IF($K98 = "", "", INDEX(tblDocuments[Scope Group], $K98)), "") -> Governance | H98: =IFERROR(IF($K98 = "", "", IF(TRIM(INDEX(tblDocuments[Description], $K98) & "") = "", "—", IF(LEN(TRIM(INDEX(tblDocuments[Description], $K98) & "")) > 165, LEFT(TRIM(INDEX(tblDocuments[Description], $K98) & ""), 164) & "…", TRIM(INDEX(tblDocuments[Description], $K98) & "")))), "") -> Quarterly attestation evidencing control effectiveness for the AVS platform against the internal control set. | K98: =IFERROR(IF(87 > ResultCount, "", MATCH(LARGE(tblDocuments[Sort Key], 87), tblDocuments[Sort Key], 0)), "") -> 87
E99: =IFERROR(IF($K99 = "", "", IF(INDEX(tblDocuments[Link Out], $K99) = "", INDEX(tblDocuments[Display Name], $K99), HYPERLINK(INDEX(tblDocuments[Link Out], $K99), INDEX(tblDocuments[Display Name], $K99)))), "") -> Data Residency and Sovereignty Standard | F99: =IFERROR(IF($K99 = "", "", IF(TRIM(INDEX(tblDocuments[Document Type], $K99) & "") = "", "—", TRIM(INDEX(tblDocuments[Document Type], $K99) & ""))), "") -> Policy | G99: =IFERROR(IF($K99 = "", "", INDEX(tblDocuments[Scope Group], $K99)), "") -> Governance | H99: =IFERROR(IF($K99 = "", "", IF(TRIM(INDEX(tblDocuments[Description], $K99) & "") = "", "—", IF(LEN(TRIM(INDEX(tblDocuments[Description], $K99) & "")) > 165, LEFT(TRIM(INDEX(tblDocuments[Description], $K99) & ""), 164) & "…", TRIM(INDEX(tblDocuments[Description], $K99) & "")))), "") -> Standard defining permitted regions for AVS workloads based on data classification and residency requirements. | K99: =IFERROR(IF(88 > ResultCount, "", MATCH(LARGE(tblDocuments[Sort Key], 88), tblDocuments[Sort Key], 0)), "") -> 88
E100: =IFERROR(IF($K100 = "", "", IF(INDEX(tblDocuments[Link Out], $K100) = "", INDEX(tblDocuments[Display Name], $K100), HYPERLINK(INDEX(tblDocuments[Link Out], $K100), INDEX(tblDocuments[Display Name], $K100)))), "") -> Risk and Issue Register Template | F100: =IFERROR(IF($K100 = "", "", IF(TRIM(INDEX(tblDocuments[Document Type], $K100) & "") = "", "—", TRIM(INDEX(tblDocuments[Document Type], $K100) & ""))), "") -> Template | G100: =IFERROR(IF($K100 = "", "", INDEX(tblDocuments[Scope Group], $K100)), "") -> Governance | H100: =IFERROR(IF($K100 = "", "", IF(TRIM(INDEX(tblDocuments[Description], $K100) & "") = "", "—", IF(LEN(TRIM(INDEX(tblDocuments[Description], $K100) & "")) > 165, LEFT(TRIM(INDEX(tblDocuments[Description], $K100) & ""), 164) & "…", TRIM(INDEX(tblDocuments[Description], $K100) & "")))), "") -> Template for the programme risk and issue register including scoring matrix and escalation thresholds. | K100: =IFERROR(IF(89 > ResultCount, "", MATCH(LARGE(tblDocuments[Sort Key], 89), tblDocuments[Sort Key], 0)), "") -> 89
E101: =IFERROR(IF($K101 = "", "", IF(INDEX(tblDocuments[Link Out], $K101) = "", INDEX(tblDocuments[Display Name], $K101), HYPERLINK(INDEX(tblDocuments[Link Out], $K101), INDEX(tblDocuments[Display Name], $K101)))), "") -> Regulatory Impact Assessment for AVS | F101: =IFERROR(IF($K101 = "", "", IF(TRIM(INDEX(tblDocuments[Document Type], $K101) & "") = "", "—", TRIM(INDEX(tblDocuments[Document Type], $K101) & ""))), "") -> Assessment | G101: =IFERROR(IF($K101 = "", "", INDEX(tblDocuments[Scope Group], $K101)), "") -> Governance | H101: =IFERROR(IF($K101 = "", "", IF(TRIM(INDEX(tblDocuments[Description], $K101) & "") = "", "—", IF(LEN(TRIM(INDEX(tblDocuments[Description], $K101) & "")) > 165, LEFT(TRIM(INDEX(tblDocuments[Description], $K101) & ""), 164) & "…", TRIM(INDEX(tblDocuments[Description], $K101) & "")))), "") -> Assessment of regulatory obligations applicable to workloads being moved into Azure VMware Solution. | K101: =IFERROR(IF(90 > ResultCount, "", MATCH(LARGE(tblDocuments[Sort Key], 90), tblDocuments[Sort Key], 0)), "") -> 90
E102: =IFERROR(IF($K102 = "", "", IF(INDEX(tblDocuments[Link Out], $K102) = "", INDEX(tblDocuments[Display Name], $K102), HYPERLINK(INDEX(tblDocuments[Link Out], $K102), INDEX(tblDocuments[Display Name], $K102)))), "") -> Design Authority Submission Procedure | F102: =IFERROR(IF($K102 = "", "", IF(TRIM(INDEX(tblDocuments[Document Type], $K102) & "") = "", "—", TRIM(INDEX(tblDocuments[Document Type], $K102) & ""))), "") -> SOP | G102: =IFERROR(IF($K102 = "", "", INDEX(tblDocuments[Scope Group], $K102)), "") -> Governance | H102: =IFERROR(IF($K102 = "", "", IF(TRIM(INDEX(tblDocuments[Description], $K102) & "") = "", "—", IF(LEN(TRIM(INDEX(tblDocuments[Description], $K102) & "")) > 165, LEFT(TRIM(INDEX(tblDocuments[Description], $K102) & ""), 164) & "…", TRIM(INDEX(tblDocuments[Description], $K102) & "")))), "") -> How to prepare and submit a design for review at the AVS design authority, including required artefacts. | K102: =IFERROR(IF(91 > ResultCount, "", MATCH(LARGE(tblDocuments[Sort Key], 91), tblDocuments[Sort Key], 0)), "") -> 91
E103: =IFERROR(IF($K103 = "", "", IF(INDEX(tblDocuments[Link Out], $K103) = "", INDEX(tblDocuments[Display Name], $K103), HYPERLINK(INDEX(tblDocuments[Link Out], $K103), INDEX(tblDocuments[Display Name], $K103)))), "") -> AVS Cost Model and Forecast | F103: =IFERROR(IF($K103 = "", "", IF(TRIM(INDEX(tblDocuments[Document Type], $K103) & "") = "", "—", TRIM(INDEX(tblDocuments[Document Type], $K103) & ""))), "") -> Report | G103: =IFERROR(IF($K103 = "", "", INDEX(tblDocuments[Scope Group], $K103)), "") -> Cost | H103: =IFERROR(IF($K103 = "", "", IF(TRIM(INDEX(tblDocuments[Description], $K103) & "") = "", "—", IF(LEN(TRIM(INDEX(tblDocuments[Description], $K103) & "")) > 165, LEFT(TRIM(INDEX(tblDocuments[Description], $K103) & ""), 164) & "…", TRIM(INDEX(tblDocuments[Description], $K103) & "")))), "") -> Cost model covering reserved instance coverage, node run rate and a three year forecast for the AVS estate. | K103: =IFERROR(IF(92 > ResultCount, "", MATCH(LARGE(tblDocuments[Sort Key], 92), tblDocuments[Sort Key], 0)), "") -> 92
...

Sheet Repository
A1: Repository — source of truth
A2: Add, edit or delete rows anywhere in this table. The Index sheet picks up new documents and new scopes automatically. Columns G-I are hidden helper columns maintained by Excel — do not type over them.
A4: Scope | B4: Document Type | C4: Document Name | D4: Document Link | E4: Description | F4: Keywords | G4: Scope Group | H4: Visible | I4: Search Key | J4: Boost Key | K4: Hits | L4: Score | M4: In Scope | N4: Sort Key | O4: Display Name | P4: Link Out
A5: Design | B5: HLD | C5: AVS Platform High Level Design | D5: https://contoso.sharepoint.com/sites/AVSProgram/Shared%20Documents/Design/AVS-Platform-High-Level-Design.docx | E5: End-to-end high level design for the Azure VMware Solution private cloud landing zone, covering region selection, SDDC sizing and connectivity. | F5: AVS, HLD, high level design, landing zone, SDDC, private cloud, architecture | G5: =IF(TRIM(tblDocuments[[#This Row],[Scope]] & "") = "", "(Unspecified)", TRIM(tblDocuments[[#This Row],[Scope]] & "")) -> Design | H5: =SUBTOTAL(103, tblDocuments[[#This Row],[Scope Group]]) -> 1 | I5: =" "&TRIM(SUBSTITUTE(SUBSTITUTE(SUBSTITUTE(SUBSTITUTE(SUBSTITUTE(SUBSTITUTE(SUBSTITUTE(SUBSTITUTE(SUBSTITUTE(SUBSTITUTE(SUBSTITUTE(SUBSTITUTE(SUBSTITUTE(SUBSTITUTE(SUBSTITUTE(SUBSTITUTE(SUBSTITUTE(SUBSTITUTE(SUBSTITUTE(SUBSTITUTE(SUBSTITUTE(SUBSTITUTE(SUBSTITUTE(SUBSTITUTE(SUBSTITUTE(SUBSTITUTE(SUBSTITUTE(SUBSTITUTE(SUBSTITUTE(SUBSTITUTE(SUBSTITUTE(SUBSTITUTE(LOWER(tblDocuments[[#This Row],[Scope]] & " " & tblDocuments[[#This Row],[Document Type]] & " " & tblDocuments[[#This Row],[Document Name]] & " " & tblDocuments[[#This Row],[Description]] & " " & tblDocuments[[#This Row],[Keywords]]),","," "),";"," "),"/"," "),"\"," "),"-"," "),"_"," "),"("," "),")"," "),"["," "),"]"," "),"{"," "),"}"," "),"."," "),":"," "),"'"," "),"|"," "),"+"," "),"&"," "),"*"," "),"?"," "),"~"," "),"#"," "),"!"," "),"@"," "),"<"," "),">"," "),"="," "),CHAR(34)," "),CHAR(9)," "),CHAR(10)," "),CHAR(13)," "),CHAR(160)," "))&" " -> design hld avs platform high level design end to end high level design for the azure vmware solution private cloud landing zone covering region selection sddc sizing and connectivity avs hld high level design landing zone sddc private cloud architecture | J5: =" "&TRIM(SUBSTITUTE(SUBSTITUTE(SUBSTITUTE(SUBSTITUTE(SUBSTITUTE(SUBSTITUTE(SUBSTITUTE(SUBSTITUTE(SUBSTITUTE(SUBSTITUTE(SUBSTITUTE(SUBSTITUTE(SUBSTITUTE(SUBSTITUTE(SUBSTITUTE(SUBSTITUTE(SUBSTITUTE(SUBSTITUTE(SUBSTITUTE(SUBSTITUTE(SUBSTITUTE(SUBSTITUTE(SUBSTITUTE(SUBSTITUTE(SUBSTITUTE(SUBSTITUTE(SUBSTITUTE(SUBSTITUTE(SUBSTITUTE(SUBSTITUTE(SUBSTITUTE(SUBSTITUTE(LOWER(tblDocuments[[#This Row],[Document Name]] & " " & tblDocuments[[#This Row],[Keywords]] & " " & tblDocuments[[#This Row],[Document Type]] & " " & tblDocuments[[#This Row],[Scope]]),","," "),";"," "),"/"," "),"\"," "),"-"," "),"_"," "),"("," "),")"," "),"["," "),"]"," "),"{"," "),"}"," "),"."," "),":"," "),"'"," "),"|"," "),"+"," "),"&"," "),"*"," "),"?"," "),"~"," "),"#"," "),"!"," "),"@"," "),"<"," "),">"," "),"="," "),CHAR(34)," "),CHAR(9)," "),CHAR(10)," "),CHAR(13)," "),CHAR(160)," "))&" " -> avs platform high level design avs hld high level design landing zone sddc private cloud architecture hld design | K5: =(IF(Calc!$D$2 = "", 0, --ISNUMBER(SEARCH(Calc!$D$2, tblDocuments[[#This Row],[Search Key]]))) + IF(Calc!$E$2 = "", 0, --ISNUMBER(SEARCH(Calc!$E$2, tblDocuments[[#This Row],[Search Key]]))) + IF(Calc!$F$2 = "", 0, --ISNUMBER(SEARCH(Calc!$F$2, tblDocuments[[#This Row],[Search Key]]))) + IF(Calc!$G$2 = "", 0, --ISNUMBER(SEARCH(Calc!$G$2, tblDocuments[[#This Row],[Search Key]]))) + IF(Calc!$H$2 = "", 0, --ISNUMBER(SEARCH(Calc!$H$2, tblDocuments[[#This Row],[Search Key]]))) + IF(Calc!$I$2 = "", 0, --ISNUMBER(SEARCH(Calc!$I$2, tblDocuments[[#This Row],[Search Key]]))) + IF(Calc!$J$2 = "", 0, --ISNUMBER(SEARCH(Calc!$J$2, tblDocuments[[#This Row],[Search Key]]))) + IF(Calc!$K$2 = "", 0, --ISNUMBER(SEARCH(Calc!$K$2, tblDocuments[[#This Row],[Search Key]])))) -> 0 | L5: =IF(TermCount < 2, 0, --ISNUMBER(SEARCH(Calc!$B$3, tblDocuments[[#This Row],[Search Key]]))) * 10 + (IF(Calc!$D$2 = "", 0, --ISNUMBER(SEARCH(" " & Calc!$D$2 & " ", tblDocuments[[#This Row],[Boost Key]]))) + IF(Calc!$E$2 = "", 0, --ISNUMBER(SEARCH(" " & Calc!$E$2 & " ", tblDocuments[[#This Row],[Boost Key]]))) + IF(Calc!$F$2 = "", 0, --ISNUMBER(SEARCH(" " & Calc!$F$2 & " ", tblDocuments[[#This Row],[Boost Key]]))) + IF(Calc!$G$2 = "", 0, --ISNUMBER(SEARCH(" " & Calc!$G$2 & " ", tblDocuments[[#This Row],[Boost Key]]))) + IF(Calc!$H$2 = "", 0, --ISNUMBER(SEARCH(" " & Calc!$H$2 & " ", tblDocuments[[#This Row],[Boost Key]]))) + IF(Calc!$I$2 = "", 0, --ISNUMBER(SEARCH(" " & Calc!$I$2 & " ", tblDocuments[[#This Row],[Boost Key]]))) + IF(Calc!$J$2 = "", 0, --ISNUMBER(SEARCH(" " & Calc!$J$2 & " ", tblDocuments[[#This Row],[Boost Key]]))) + IF(Calc!$K$2 = "", 0, --ISNUMBER(SEARCH(" " & Calc!$K$2 & " ", tblDocuments[[#This Row],[Boost Key]])))) * 4 + (IF(Calc!$D$2 = "", 0, --ISNUMBER(SEARCH(Calc!$D$2, tblDocuments[[#This Row],[Boost Key]]))) + IF(Calc!$E$2 = "", 0, --ISNUMBER(SEARCH(Calc!$E$2, tblDocuments[[#This Row],[Boost Key]]))) + IF(Calc!$F$2 = "", 0, --ISNUMBER(SEARCH(Calc!$F$2, tblDocuments[[#This Row],[Boost Key]]))) + IF(Calc!$G$2 = "", 0, --ISNUMBER(SEARCH(Calc!$G$2, tblDocuments[[#This Row],[Boost Key]]))) + IF(Calc!$H$2 = "", 0, --ISNUMBER(SEARCH(Calc!$H$2, tblDocuments[[#This Row],[Boost Key]]))) + IF(Calc!$I$2 = "", 0, --ISNUMBER(SEARCH(Calc!$I$2, tblDocuments[[#This Row],[Boost Key]]))) + IF(Calc!$J$2 = "", 0, --ISNUMBER(SEARCH(Calc!$J$2, tblDocuments[[#This Row],[Boost Key]]))) + IF(Calc!$K$2 = "", 0, --ISNUMBER(SEARCH(Calc!$K$2, tblDocuments[[#This Row],[Boost Key]])))) * 3 + tblDocuments[[#This Row],[Hits]] * 2 -> 0 | M5: =IF(ScopeOverride = 1, 1, tblDocuments[[#This Row],[Visible]] * --(((TRIM(SelScope & "") = "") + (TRIM(SelScope & "") = "All") + (tblDocuments[[#This Row],[Scope Group]] = TRIM(SelScope & ""))) > 0)) -> 1 | N5: =IF(tblDocuments[[#This Row],[In Scope]] * IF(TermCount = 0, 1, IF(BestHits > 0, --(tblDocuments[[#This Row],[Hits]] = BestHits), 0)) = 1, tblDocuments[[#This Row],[Score]] * 2000000 + (2000000 - ROW()), -1) -> 1999995 | O5: =IF(TRIM(tblDocuments[[#This Row],[Document Name]] & "") = "", "(untitled document)", TRIM(tblDocuments[[#This Row],[Document Name]] & "")) & IF(LEFT(LOWER(TRIM(tblDocuments[[#This Row],[Document Link]] & "")), 4) = "http", "", " (no link)") -> AVS Platform High Level Design | P5: =IF(LEFT(LOWER(TRIM(tblDocuments[[#This Row],[Document Link]] & "")), 4) = "http", TRIM(tblDocuments[[#This Row],[Document Link]] & ""), "") -> https://contoso.sharepoint.com/sites/AVSProgram/Shared%20Documents/Design/AVS-Platform-High-Level-Design.docx
A6: Design | B6: LLD | C6: AVS Private Cloud Low Level Design | D6: https://contoso.sharepoint.com/sites/AVSProgram/Shared%20Documents/Design/AVS-Private-Cloud-Low-Level-Design.docx | E6: Detailed build parameters for the production private cloud: cluster layout, host SKU, management network CIDRs and vCenter configuration. | F6: LLD, low level design, build, cluster, AV36, vCenter, SDDC | G6: =IF(TRIM(tblDocuments[[#This Row],[Scope]] & "") = "", "(Unspecified)", TRIM(tblDocuments[[#This Row],[Scope]] & "")) -> Design | H6: =SUBTOTAL(103, tblDocuments[[#This Row],[Scope Group]]) -> 1 | I6: =" "&TRIM(SUBSTITUTE(SUBSTITUTE(SUBSTITUTE(SUBSTITUTE(SUBSTITUTE(SUBSTITUTE(SUBSTITUTE(SUBSTITUTE(SUBSTITUTE(SUBSTITUTE(SUBSTITUTE(SUBSTITUTE(SUBSTITUTE(SUBSTITUTE(SUBSTITUTE(SUBSTITUTE(SUBSTITUTE(SUBSTITUTE(SUBSTITUTE(SUBSTITUTE(SUBSTITUTE(SUBSTITUTE(SUBSTITUTE(SUBSTITUTE(SUBSTITUTE(SUBSTITUTE(SUBSTITUTE(SUBSTITUTE(SUBSTITUTE(SUBSTITUTE(SUBSTITUTE(SUBSTITUTE(LOWER(tblDocuments[[#This Row],[Scope]] & " " & tblDocuments[[#This Row],[Document Type]] & " " & tblDocuments[[#This Row],[Document Name]] & " " & tblDocuments[[#This Row],[Description]] & " " & tblDocuments[[#This Row],[Keywords]]),","," "),";"," "),"/"," "),"\"," "),"-"," "),"_"," "),"("," "),")"," "),"["," "),"]"," "),"{"," "),"}"," "),"."," "),":"," "),"'"," "),"|"," "),"+"," "),"&"," "),"*"," "),"?"," "),"~"," "),"#"," "),"!"," "),"@"," "),"<"," "),">"," "),"="," "),CHAR(34)," "),CHAR(9)," "),CHAR(10)," "),CHAR(13)," "),CHAR(160)," "))&" " -> design lld avs private cloud low level design detailed build parameters for the production private cloud cluster layout host sku management network cidrs and vcenter configuration lld low level design build cluster av36 vcenter sddc | J6: =" "&TRIM(SUBSTITUTE(SUBSTITUTE(SUBSTITUTE(SUBSTITUTE(SUBSTITUTE(SUBSTITUTE(SUBSTITUTE(SUBSTITUTE(SUBSTITUTE(SUBSTITUTE(SUBSTITUTE(SUBSTITUTE(SUBSTITUTE(SUBSTITUTE(SUBSTITUTE(SUBSTITUTE(SUBSTITUTE(SUBSTITUTE(SUBSTITUTE(SUBSTITUTE(SUBSTITUTE(SUBSTITUTE(SUBSTITUTE(SUBSTITUTE(SUBSTITUTE(SUBSTITUTE(SUBSTITUTE(SUBSTITUTE(SUBSTITUTE(SUBSTITUTE(SUBSTITUTE(SUBSTITUTE(LOWER(tblDocuments[[#This Row],[Document Name]] & " " & tblDocuments[[#This Row],[Keywords]] & " " & tblDocuments[[#This Row],[Document Type]] & " " & tblDocuments[[#This Row],[Scope]]),","," "),";"," "),"/"," "),"\"," "),"-"," "),"_"," "),"("," "),")"," "),"["," "),"]"," "),"{"," "),"}"," "),"."," "),":"," "),"'"," "),"|"," "),"+"," "),"&"," "),"*"," "),"?"," "),"~"," "),"#"," "),"!"," "),"@"," "),"<"," "),">"," "),"="," "),CHAR(34)," "),CHAR(9)," "),CHAR(10)," "),CHAR(13)," "),CHAR(160)," "))&" " -> avs private cloud low level design lld low level design build cluster av36 vcenter sddc lld design | K6: =(IF(Calc!$D$2 = "", 0, --ISNUMBER(SEARCH(Calc!$D$2, tblDocuments[[#This Row],[Search Key]]))) + IF(Calc!$E$2 = "", 0, --ISNUMBER(SEARCH(Calc!$E$2, tblDocuments[[#This Row],[Search Key]]))) + IF(Calc!$F$2 = "", 0, --ISNUMBER(SEARCH(Calc!$F$2, tblDocuments[[#This Row],[Search Key]]))) + IF(Calc!$G$2 = "", 0, --ISNUMBER(SEARCH(Calc!$G$2, tblDocuments[[#This Row],[Search Key]]))) + IF(Calc!$H$2 = "", 0, --ISNUMBER(SEARCH(Calc!$H$2, tblDocuments[[#This Row],[Search Key]]))) + IF(Calc!$I$2 = "", 0, --ISNUMBER(SEARCH(Calc!$I$2, tblDocuments[[#This Row],[Search Key]]))) + IF(Calc!$J$2 = "", 0, --ISNUMBER(SEARCH(Calc!$J$2, tblDocuments[[#This Row],[Search Key]]))) + IF(Calc!$K$2 = "", 0, --ISNUMBER(SEARCH(Calc!$K$2, tblDocuments[[#This Row],[Search Key]])))) -> 0 | L6: =IF(TermCount < 2, 0, --ISNUMBER(SEARCH(Calc!$B$3, tblDocuments[[#This Row],[Search Key]]))) * 10 + (IF(Calc!$D$2 = "", 0, --ISNUMBER(SEARCH(" " & Calc!$D$2 & " ", tblDocuments[[#This Row],[Boost Key]]))) + IF(Calc!$E$2 = "", 0, --ISNUMBER(SEARCH(" " & Calc!$E$2 & " ", tblDocuments[[#This Row],[Boost Key]]))) + IF(Calc!$F$2 = "", 0, --ISNUMBER(SEARCH(" " & Calc!$F$2 & " ", tblDocuments[[#This Row],[Boost Key]]))) + IF(Calc!$G$2 = "", 0, --ISNUMBER(SEARCH(" " & Calc!$G$2 & " ", tblDocuments[[#This Row],[Boost Key]]))) + IF(Calc!$H$2 = "", 0, --ISNUMBER(SEARCH(" " & Calc!$H$2 & " ", tblDocuments[[#This Row],[Boost Key]]))) + IF(Calc!$I$2 = "", 0, --ISNUMBER(SEARCH(" " & Calc!$I$2 & " ", tblDocuments[[#This Row],[Boost Key]]))) + IF(Calc!$J$2 = "", 0, --ISNUMBER(SEARCH(" " & Calc!$J$2 & " ", tblDocuments[[#This Row],[Boost Key]]))) + IF(Calc!$K$2 = "", 0, --ISNUMBER(SEARCH(" " & Calc!$K$2 & " ", tblDocuments[[#This Row],[Boost Key]])))) * 4 + (IF(Calc!$D$2 = "", 0, --ISNUMBER(SEARCH(Calc!$D$2, tblDocuments[[#This Row],[Boost Key]]))) + IF(Calc!$E$2 = "", 0, --ISNUMBER(SEARCH(Calc!$E$2, tblDocuments[[#This Row],[Boost Key]]))) + IF(Calc!$F$2 = "", 0, --ISNUMBER(SEARCH(Calc!$F$2, tblDocuments[[#This Row],[Boost Key]]))) + IF(Calc!$G$2 = "", 0, --ISNUMBER(SEARCH(Calc!$G$2, tblDocuments[[#This Row],[Boost Key]]))) + IF(Calc!$H$2 = "", 0, --ISNUMBER(SEARCH(Calc!$H$2, tblDocuments[[#This Row],[Boost Key]]))) + IF(Calc!$I$2 = "", 0, --ISNUMBER(SEARCH(Calc!$I$2, tblDocuments[[#This Row],[Boost Key]]))) + IF(Calc!$J$2 = "", 0, --ISNUMBER(SEARCH(Calc!$J$2, tblDocuments[[#This Row],[Boost Key]]))) + IF(Calc!$K$2 = "", 0, --ISNUMBER(SEARCH(Calc!$K$2, tblDocuments[[#This Row],[Boost Key]])))) * 3 + tblDocuments[[#This Row],[Hits]] * 2 -> 0 | M6: =IF(ScopeOverride = 1, 1, tblDocuments[[#This Row],[Visible]] * --(((TRIM(SelScope & "") = "") + (TRIM(SelScope & "") = "All") + (tblDocuments[[#This Row],[Scope Group]] = TRIM(SelScope & ""))) > 0)) -> 1 | N6: =IF(tblDocuments[[#This Row],[In Scope]] * IF(TermCount = 0, 1, IF(BestHits > 0, --(tblDocuments[[#This Row],[Hits]] = BestHits), 0)) = 1, tblDocuments[[#This Row],[Score]] * 2000000 + (2000000 - ROW()), -1) -> 1999994 | O6: =IF(TRIM(tblDocuments[[#This Row],[Document Name]] & "") = "", "(untitled document)", TRIM(tblDocuments[[#This Row],[Document Name]] & "")) & IF(LEFT(LOWER(TRIM(tblDocuments[[#This Row],[Document Link]] & "")), 4) = "http", "", " (no link)") -> AVS Private Cloud Low Level Design | P6: =IF(LEFT(LOWER(TRIM(tblDocuments[[#This Row],[Document Link]] & "")), 4) = "http", TRIM(tblDocuments[[#This Row],[Document Link]] & ""), "") -> https://contoso.sharepoint.com/sites/AVSProgram/Shared%20Documents/Design/AVS-Private-Cloud-Low-Level-Design.docx
A7: Design | B7: Architecture | C7: AVS Reference Architecture Overview | D7: https://contoso.sharepoint.com/sites/AVSProgram/Shared%20Documents/Design/AVS-Reference-Architecture-Overview.pdf | E7: Reference architecture describing how AVS integrates with Azure native services, ExpressRoute Global Reach and on-premises vSphere. | F7: reference architecture, ExpressRoute, Global Reach, integration, vSphere | G7: =IF(TRIM(tblDocuments[[#This Row],[Scope]] & "") = "", "(Unspecified)", TRIM(tblDocuments[[#This Row],[Scope]] & "")) -> Design | H7: =SUBTOTAL(103, tblDocuments[[#This Row],[Scope Group]]) -> 1 | I7: =" "&TRIM(SUBSTITUTE(SUBSTITUTE(SUBSTITUTE(SUBSTITUTE(SUBSTITUTE(SUBSTITUTE(SUBSTITUTE(SUBSTITUTE(SUBSTITUTE(SUBSTITUTE(SUBSTITUTE(SUBSTITUTE(SUBSTITUTE(SUBSTITUTE(SUBSTITUTE(SUBSTITUTE(SUBSTITUTE(SUBSTITUTE(SUBSTITUTE(SUBSTITUTE(SUBSTITUTE(SUBSTITUTE(SUBSTITUTE(SUBSTITUTE(SUBSTITUTE(SUBSTITUTE(SUBSTITUTE(SUBSTITUTE(SUBSTITUTE(SUBSTITUTE(SUBSTITUTE(SUBSTITUTE(LOWER(tblDocuments[[#This Row],[Scope]] & " " & tblDocuments[[#This Row],[Document Type]] & " " & tblDocuments[[#This Row],[Document Name]] & " " & tblDocuments[[#This Row],[Description]] & " " & tblDocuments[[#This Row],[Keywords]]),","," "),";"," "),"/"," "),"\"," "),"-"," "),"_"," "),"("," "),")"," "),"["," "),"]"," "),"{"," "),"}"," "),"."," "),":"," "),"'"," "),"|"," "),"+"," "),"&"," "),"*"," "),"?"," "),"~"," "),"#"," "),"!"," "),"@"," "),"<"," "),">"," "),"="," "),CHAR(34)," "),CHAR(9)," "),CHAR(10)," "),CHAR(13)," "),CHAR(160)," "))&" " -> design architecture avs reference architecture overview reference architecture describing how avs integrates with azure native services expressroute global reach and on premises vsphere reference architecture expressroute global reach integration vsphere | J7: =" "&TRIM(SUBSTITUTE(SUBSTITUTE(SUBSTITUTE(SUBSTITUTE(SUBSTITUTE(SUBSTITUTE(SUBSTITUTE(SUBSTITUTE(SUBSTITUTE(SUBSTITUTE(SUBSTITUTE(SUBSTITUTE(SUBSTITUTE(SUBSTITUTE(SUBSTITUTE(SUBSTITUTE(SUBSTITUTE(SUBSTITUTE(SUBSTITUTE(SUBSTITUTE(SUBSTITUTE(SUBSTITUTE(SUBSTITUTE(SUBSTITUTE(SUBSTITUTE(SUBSTITUTE(SUBSTITUTE(SUBSTITUTE(SUBSTITUTE(SUBSTITUTE(SUBSTITUTE(SUBSTITUTE(LOWER(tblDocuments[[#This Row],[Document Name]] & " " & tblDocuments[[#This Row],[Keywords]] & " " & tblDocuments[[#This Row],[Document Type]] & " " & tblDocuments[[#This Row],[Scope]]),","," "),";"," "),"/"," "),"\"," "),"-"," "),"_"," "),"("," "),")"," "),"["," "),"]"," "),"{"," "),"}"," "),"."," "),":"," "),"'"," "),"|"," "),"+"," "),"&"," "),"*"," "),"?"," "),"~"," "),"#"," "),"!"," "),"@"," "),"<"," "),">"," "),"="," "),CHAR(34)," "),CHAR(9)," "),CHAR(10)," "),CHAR(13)," "),CHAR(160)," "))&" " -> avs reference architecture overview reference architecture expressroute global reach integration vsphere architecture design | K7: =(IF(Calc!$D$2 = "", 0, --ISNUMBER(SEARCH(Calc!$D$2, tblDocuments[[#This Row],[Search Key]]))) + IF(Calc!$E$2 = "", 0, --ISNUMBER(SEARCH(Calc!$E$2, tblDocuments[[#This Row],[Search Key]]))) + IF(Calc!$F$2 = "", 0, --ISNUMBER(SEARCH(Calc!$F$2, tblDocuments[[#This Row],[Search Key]]))) + IF(Calc!$G$2 = "", 0, --ISNUMBER(SEARCH(Calc!$G$2, tblDocuments[[#This Row],[Search Key]]))) + IF(Calc!$H$2 = "", 0, --ISNUMBER(SEARCH(Calc!$H$2, tblDocuments[[#This Row],[Search Key]]))) + IF(Calc!$I$2 = "", 0, --ISNUMBER(SEARCH(Calc!$I$2, tblDocuments[[#This Row],[Search Key]]))) + IF(Calc!$J$2 = "", 0, --ISNUMBER(SEARCH(Calc!$J$2, tblDocuments[[#This Row],[Search Key]]))) + IF(Calc!$K$2 = "", 0, --ISNUMBER(SEARCH(Calc!$K$2, tblDocuments[[#This Row],[Search Key]])))) -> 0 | L7: =IF(TermCount < 2, 0, --ISNUMBER(SEARCH(Calc!$B$3, tblDocuments[[#This Row],[Search Key]]))) * 10 + (IF(Calc!$D$2 = "", 0, --ISNUMBER(SEARCH(" " & Calc!$D$2 & " ", tblDocuments[[#This Row],[Boost Key]]))) + IF(Calc!$E$2 = "", 0, --ISNUMBER(SEARCH(" " & Calc!$E$2 & " ", tblDocuments[[#This Row],[Boost Key]]))) + IF(Calc!$F$2 = "", 0, --ISNUMBER(SEARCH(" " & Calc!$F$2 & " ", tblDocuments[[#This Row],[Boost Key]]))) + IF(Calc!$G$2 = "", 0, --ISNUMBER(SEARCH(" " & Calc!$G$2 & " ", tblDocuments[[#This Row],[Boost Key]]))) + IF(Calc!$H$2 = "", 0, --ISNUMBER(SEARCH(" " & Calc!$H$2 & " ", tblDocuments[[#This Row],[Boost Key]]))) + IF(Calc!$I$2 = "", 0, --ISNUMBER(SEARCH(" " & Calc!$I$2 & " ", tblDocuments[[#This Row],[Boost Key]]))) + IF(Calc!$J$2 = "", 0, --ISNUMBER(SEARCH(" " & Calc!$J$2 & " ", tblDocuments[[#This Row],[Boost Key]]))) + IF(Calc!$K$2 = "", 0, --ISNUMBER(SEARCH(" " & Calc!$K$2 & " ", tblDocuments[[#This Row],[Boost Key]])))) * 4 + (IF(Calc!$D$2 = "", 0, --ISNUMBER(SEARCH(Calc!$D$2, tblDocuments[[#This Row],[Boost Key]]))) + IF(Calc!$E$2 = "", 0, --ISNUMBER(SEARCH(Calc!$E$2, tblDocuments[[#This Row],[Boost Key]]))) + IF(Calc!$F$2 = "", 0, --ISNUMBER(SEARCH(Calc!$F$2, tblDocuments[[#This Row],[Boost Key]]))) + IF(Calc!$G$2 = "", 0, --ISNUMBER(SEARCH(Calc!$G$2, tblDocuments[[#This Row],[Boost Key]]))) + IF(Calc!$H$2 = "", 0, --ISNUMBER(SEARCH(Calc!$H$2, tblDocuments[[#This Row],[Boost Key]]))) + IF(Calc!$I$2 = "", 0, --ISNUMBER(SEARCH(Calc!$I$2, tblDocuments[[#This Row],[Boost Key]]))) + IF(Calc!$J$2 = "", 0, --ISNUMBER(SEARCH(Calc!$J$2, tblDocuments[[#This Row],[Boost Key]]))) + IF(Calc!$K$2 = "", 0, --ISNUMBER(SEARCH(Calc!$K$2, tblDocuments[[#This Row],[Boost Key]])))) * 3 + tblDocuments[[#This Row],[Hits]] * 2 -> 0 | M7: =IF(ScopeOverride = 1, 1, tblDocuments[[#This Row],[Visible]] * --(((TRIM(SelScope & "") = "") + (TRIM(SelScope & "") = "All") + (tblDocuments[[#This Row],[Scope Group]] = TRIM(SelScope & ""))) > 0)) -> 1 | N7: =IF(tblDocuments[[#This Row],[In Scope]] * IF(TermCount = 0, 1, IF(BestHits > 0, --(tblDocuments[[#This Row],[Hits]] = BestHits), 0)) = 1, tblDocuments[[#This Row],[Score]] * 2000000 + (2000000 - ROW()), -1) -> 1999993 | O7: =IF(TRIM(tblDocuments[[#This Row],[Document Name]] & "") = "", "(untitled document)", TRIM(tblDocuments[[#This Row],[Document Name]] & "")) & IF(LEFT(LOWER(TRIM(tblDocuments[[#This Row],[Document Link]] & "")), 4) = "http", "", " (no link)") -> AVS Reference Architecture Overview | P7: =IF(LEFT(LOWER(TRIM(tblDocuments[[#This Row],[Document Link]] & "")), 4) = "http", TRIM(tblDocuments[[#This Row],[Document Link]] & ""), "") -> https://contoso.sharepoint.com/sites/AVSProgram/Shared%20Documents/Design/AVS-Reference-Architecture-Overview.pdf
A8: Design | B8: Diagram | C8: AVS Logical Architecture Diagram | D8: https://contoso.sharepoint.com/sites/AVSProgram/Shared%20Documents/Design/AVS-Logical-Architecture-Diagram.vsdx | E8: Visio source for the logical architecture diagram used across the programme design authority pack. | F8: diagram, visio, logical architecture, design authority | G8: =IF(TRIM(tblDocuments[[#This Row],[Scope]] & "") = "", "(Unspecified)", TRIM(tblDocuments[[#This Row],[Scope]] & "")) -> Design | H8: =SUBTOTAL(103, tblDocuments[[#This Row],[Scope Group]]) -> 1 | I8: =" "&TRIM(SUBSTITUTE(SUBSTITUTE(SUBSTITUTE(SUBSTITUTE(SUBSTITUTE(SUBSTITUTE(SUBSTITUTE(SUBSTITUTE(SUBSTITUTE(SUBSTITUTE(SUBSTITUTE(SUBSTITUTE(SUBSTITUTE(SUBSTITUTE(SUBSTITUTE(SUBSTITUTE(SUBSTITUTE(SUBSTITUTE(SUBSTITUTE(SUBSTITUTE(SUBSTITUTE(SUBSTITUTE(SUBSTITUTE(SUBSTITUTE(SUBSTITUTE(SUBSTITUTE(SUBSTITUTE(SUBSTITUTE(SUBSTITUTE(SUBSTITUTE(SUBSTITUTE(SUBSTITUTE(LOWER(tblDocuments[[#This Row],[Scope]] & " " & tblDocuments[[#This Row],[Document Type]] & " " & tblDocuments[[#This Row],[Document Name]] & " " & tblDocuments[[#This Row],[Description]] & " " & tblDocuments[[#This Row],[Keywords]]),","," "),";"," "),"/"," "),"\"," "),"-"," "),"_"," "),"("," "),")"," "),"["," "),"]"," "),"{"," "),"}"," "),"."," "),":"," "),"'"," "),"|"," "),"+"," "),"&"," "),"*"," "),"?"," "),"~"," "),"#"," "),"!"," "),"@"," "),"<"," "),">"," "),"="," "),CHAR(34)," "),CHAR(9)," "),CHAR(10)," "),CHAR(13)," "),CHAR(160)," "))&" " -> design diagram avs logical architecture diagram visio source for the logical architecture diagram used across the programme design authority pack diagram visio logical architecture design authority | J8: =" "&TRIM(SUBSTITUTE(SUBSTITUTE(SUBSTITUTE(SUBSTITUTE(SUBSTITUTE(SUBSTITUTE(SUBSTITUTE(SUBSTITUTE(SUBSTITUTE(SUBSTITUTE(SUBSTITUTE(SUBSTITUTE(SUBSTITUTE(SUBSTITUTE(SUBSTITUTE(SUBSTITUTE(SUBSTITUTE(SUBSTITUTE(SUBSTITUTE(SUBSTITUTE(SUBSTITUTE(SUBSTITUTE(SUBSTITUTE(SUBSTITUTE(SUBSTITUTE(SUBSTITUTE(SUBSTITUTE(SUBSTITUTE(SUBSTITUTE(SUBSTITUTE(SUBSTITUTE(SUBSTITUTE(LOWER(tblDocuments[[#This Row],[Document Name]] & " " & tblDocuments[[#This Row],[Keywords]] & " " & tblDocuments[[#This Row],[Document Type]] & " " & tblDocuments[[#This Row],[Scope]]),","," "),";"," "),"/"," "),"\"," "),"-"," "),"_"," "),"("," "),")"," "),"["," "),"]"," "),"{"," "),"}"," "),"."," "),":"," "),"'"," "),"|"," "),"+"," "),"&"," "),"*"," "),"?"," "),"~"," "),"#"," "),"!"," "),"@"," "),"<"," "),">"," "),"="," "),CHAR(34)," "),CHAR(9)," "),CHAR(10)," "),CHAR(13)," "),CHAR(160)," "))&" " -> avs logical architecture diagram diagram visio logical architecture design authority diagram design | K8: =(IF(Calc!$D$2 = "", 0, --ISNUMBER(SEARCH(Calc!$D$2, tblDocuments[[#This Row],[Search Key]]))) + IF(Calc!$E$2 = "", 0, --ISNUMBER(SEARCH(Calc!$E$2, tblDocuments[[#This Row],[Search Key]]))) + IF(Calc!$F$2 = "", 0, --ISNUMBER(SEARCH(Calc!$F$2, tblDocuments[[#This Row],[Search Key]]))) + IF(Calc!$G$2 = "", 0, --ISNUMBER(SEARCH(Calc!$G$2, tblDocuments[[#This Row],[Search Key]]))) + IF(Calc!$H$2 = "", 0, --ISNUMBER(SEARCH(Calc!$H$2, tblDocuments[[#This Row],[Search Key]]))) + IF(Calc!$I$2 = "", 0, --ISNUMBER(SEARCH(Calc!$I$2, tblDocuments[[#This Row],[Search Key]]))) + IF(Calc!$J$2 = "", 0, --ISNUMBER(SEARCH(Calc!$J$2, tblDocuments[[#This Row],[Search Key]]))) + IF(Calc!$K$2 = "", 0, --ISNUMBER(SEARCH(Calc!$K$2, tblDocuments[[#This Row],[Search Key]])))) -> 0 | L8: =IF(TermCount < 2, 0, --ISNUMBER(SEARCH(Calc!$B$3, tblDocuments[[#This Row],[Search Key]]))) * 10 + (IF(Calc!$D$2 = "", 0, --ISNUMBER(SEARCH(" " & Calc!$D$2 & " ", tblDocuments[[#This Row],[Boost Key]]))) + IF(Calc!$E$2 = "", 0, --ISNUMBER(SEARCH(" " & Calc!$E$2 & " ", tblDocuments[[#This Row],[Boost Key]]))) + IF(Calc!$F$2 = "", 0, --ISNUMBER(SEARCH(" " & Calc!$F$2 & " ", tblDocuments[[#This Row],[Boost Key]]))) + IF(Calc!$G$2 = "", 0, --ISNUMBER(SEARCH(" " & Calc!$G$2 & " ", tblDocuments[[#This Row],[Boost Key]]))) + IF(Calc!$H$2 = "", 0, --ISNUMBER(SEARCH(" " & Calc!$H$2 & " ", tblDocuments[[#This Row],[Boost Key]]))) + IF(Calc!$I$2 = "", 0, --ISNUMBER(SEARCH(" " & Calc!$I$2 & " ", tblDocuments[[#This Row],[Boost Key]]))) + IF(Calc!$J$2 = "", 0, --ISNUMBER(SEARCH(" " & Calc!$J$2 & " ", tblDocuments[[#This Row],[Boost Key]]))) + IF(Calc!$K$2 = "", 0, --ISNUMBER(SEARCH(" " & Calc!$K$2 & " ", tblDocuments[[#This Row],[Boost Key]])))) * 4 + (IF(Calc!$D$2 = "", 0, --ISNUMBER(SEARCH(Calc!$D$2, tblDocuments[[#This Row],[Boost Key]]))) + IF(Calc!$E$2 = "", 0, --ISNUMBER(SEARCH(Calc!$E$2, tblDocuments[[#This Row],[Boost Key]]))) + IF(Calc!$F$2 = "", 0, --ISNUMBER(SEARCH(Calc!$F$2, tblDocuments[[#This Row],[Boost Key]]))) + IF(Calc!$G$2 = "", 0, --ISNUMBER(SEARCH(Calc!$G$2, tblDocuments[[#This Row],[Boost Key]]))) + IF(Calc!$H$2 = "", 0, --ISNUMBER(SEARCH(Calc!$H$2, tblDocuments[[#This Row],[Boost Key]]))) + IF(Calc!$I$2 = "", 0, --ISNUMBER(SEARCH(Calc!$I$2, tblDocuments[[#This Row],[Boost Key]]))) + IF(Calc!$J$2 = "", 0, --ISNUMBER(SEARCH(Calc!$J$2, tblDocuments[[#This Row],[Boost Key]]))) + IF(Calc!$K$2 = "", 0, --ISNUMBER(SEARCH(Calc!$K$2, tblDocuments[[#This Row],[Boost Key]])))) * 3 + tblDocuments[[#This Row],[Hits]] * 2 -> 0 | M8: =IF(ScopeOverride = 1, 1, tblDocuments[[#This Row],[Visible]] * --(((TRIM(SelScope & "") = "") + (TRIM(SelScope & "") = "All") + (tblDocuments[[#This Row],[Scope Group]] = TRIM(SelScope & ""))) > 0)) -> 1 | N8: =IF(tblDocuments[[#This Row],[In Scope]] * IF(TermCount = 0, 1, IF(BestHits > 0, --(tblDocuments[[#This Row],[Hits]] = BestHits), 0)) = 1, tblDocuments[[#This Row],[Score]] * 2000000 + (2000000 - ROW()), -1) -> 1999992 | O8: =IF(TRIM(tblDocuments[[#This Row],[Document Name]] & "") = "", "(untitled document)", TRIM(tblDocuments[[#This Row],[Document Name]] & "")) & IF(LEFT(LOWER(TRIM(tblDocuments[[#This Row],[Document Link]] & "")), 4) = "http", "", " (no link)") -> AVS Logical Architecture Diagram | P8: =IF(LEFT(LOWER(TRIM(tblDocuments[[#This Row],[Document Link]] & "")), 4) = "http", TRIM(tblDocuments[[#This Row],[Document Link]] & ""), "") -> https://contoso.sharepoint.com/sites/AVSProgram/Shared%20Documents/Design/AVS-Logical-Architecture-Diagram.vsdx
A9: Design | B9: Decision Record | C9: ADR-014 Host SKU Selection AV36P vs AV52 | D9: https://contoso.sharepoint.com/sites/AVSProgram/Shared%20Documents/Design/ADR-014-Host-SKU-Selection-AV36P-vs-AV52.docx | E9: Architecture decision record capturing the comparison and final selection of the AV36P host SKU for the production estate. | F9: ADR, decision record, AV36P, AV52, host SKU, sizing | G9: =IF(TRIM(tblDocuments[[#This Row],[Scope]] & "") = "", "(Unspecified)", TRIM(tblDocuments[[#This Row],[Scope]] & "")) -> Design | H9: =SUBTOTAL(103, tblDocuments[[#This Row],[Scope Group]]) -> 1 | I9: =" "&TRIM(SUBSTITUTE(SUBSTITUTE(SUBSTITUTE(SUBSTITUTE(SUBSTITUTE(SUBSTITUTE(SUBSTITUTE(SUBSTITUTE(SUBSTITUTE(SUBSTITUTE(SUBSTITUTE(SUBSTITUTE(SUBSTITUTE(SUBSTITUTE(SUBSTITUTE(SUBSTITUTE(SUBSTITUTE(SUBSTITUTE(SUBSTITUTE(SUBSTITUTE(SUBSTITUTE(SUBSTITUTE(SUBSTITUTE(SUBSTITUTE(SUBSTITUTE(SUBSTITUTE(SUBSTITUTE(SUBSTITUTE(SUBSTITUTE(SUBSTITUTE(SUBSTITUTE(SUBSTITUTE(LOWER(tblDocuments[[#This Row],[Scope]] & " " & tblDocuments[[#This Row],[Document Type]] & " " & tblDocuments[[#This Row],[Document Name]] & " " & tblDocuments[[#This Row],[Description]] & " " & tblDocuments[[#This Row],[Keywords]]),","," "),";"," "),"/"," "),"\"," "),"-"," "),"_"," "),"("," "),")"," "),"["," "),"]"," "),"{"," "),"}"," "),"."," "),":"," "),"'"," "),"|"," "),"+"," "),"&"," "),"*"," "),"?"," "),"~"," "),"#"," "),"!"," "),"@"," "),"<"," "),">"," "),"="," "),CHAR(34)," "),CHAR(9)," "),CHAR(10)," "),CHAR(13)," "),CHAR(160)," "))&" " -> design decision record adr 014 host sku selection av36p vs av52 architecture decision record capturing the comparison and final selection of the av36p host sku for the production estate adr decision record av36p av52 host sku sizing | J9: =" "&TRIM(SUBSTITUTE(SUBSTITUTE(SUBSTITUTE(SUBSTITUTE(SUBSTITUTE(SUBSTITUTE(SUBSTITUTE(SUBSTITUTE(SUBSTITUTE(SUBSTITUTE(SUBSTITUTE(SUBSTITUTE(SUBSTITUTE(SUBSTITUTE(SUBSTITUTE(SUBSTITUTE(SUBSTITUTE(SUBSTITUTE(SUBSTITUTE(SUBSTITUTE(SUBSTITUTE(SUBSTITUTE(SUBSTITUTE(SUBSTITUTE(SUBSTITUTE(SUBSTITUTE(SUBSTITUTE(SUBSTITUTE(SUBSTITUTE(SUBSTITUTE(SUBSTITUTE(SUBSTITUTE(LOWER(tblDocuments[[#This Row],[Document Name]] & " " & tblDocuments[[#This Row],[Keywords]] & " " & tblDocuments[[#This Row],[Document Type]] & " " & tblDocuments[[#This Row],[Scope]]),","," "),";"," "),"/"," "),"\"," "),"-"," "),"_"," "),"("," "),")"," "),"["," "),"]"," "),"{"," "),"}"," "),"."," "),":"," "),"'"," "),"|"," "),"+"," "),"&"," "),"*"," "),"?"," "),"~"," "),"#"," "),"!"," "),"@"," "),"<"," "),">"," "),"="," "),CHAR(34)," "),CHAR(9)," "),CHAR(10)," "),CHAR(13)," "),CHAR(160)," "))&" " -> adr 014 host sku selection av36p vs av52 adr decision record av36p av52 host sku sizing decision record design | K9: =(IF(Calc!$D$2 = "", 0, --ISNUMBER(SEARCH(Calc!$D$2, tblDocuments[[#This Row],[Search Key]]))) + IF(Calc!$E$2 = "", 0, --ISNUMBER(SEARCH(Calc!$E$2, tblDocuments[[#This Row],[Search Key]]))) + IF(Calc!$F$2 = "", 0, --ISNUMBER(SEARCH(Calc!$F$2, tblDocuments[[#This Row],[Search Key]]))) + IF(Calc!$G$2 = "", 0, --ISNUMBER(SEARCH(Calc!$G$2, tblDocuments[[#This Row],[Search Key]]))) + IF(Calc!$H$2 = "", 0, --ISNUMBER(SEARCH(Calc!$H$2, tblDocuments[[#This Row],[Search Key]]))) + IF(Calc!$I$2 = "", 0, --ISNUMBER(SEARCH(Calc!$I$2, tblDocuments[[#This Row],[Search Key]]))) + IF(Calc!$J$2 = "", 0, --ISNUMBER(SEARCH(Calc!$J$2, tblDocuments[[#This Row],[Search Key]]))) + IF(Calc!$K$2 = "", 0, --ISNUMBER(SEARCH(Calc!$K$2, tblDocuments[[#This Row],[Search Key]])))) -> 0 | L9: =IF(TermCount < 2, 0, --ISNUMBER(SEARCH(Calc!$B$3, tblDocuments[[#This Row],[Search Key]]))) * 10 + (IF(Calc!$D$2 = "", 0, --ISNUMBER(SEARCH(" " & Calc!$D$2 & " ", tblDocuments[[#This Row],[Boost Key]]))) + IF(Calc!$E$2 = "", 0, --ISNUMBER(SEARCH(" " & Calc!$E$2 & " ", tblDocuments[[#This Row],[Boost Key]]))) + IF(Calc!$F$2 = "", 0, --ISNUMBER(SEARCH(" " & Calc!$F$2 & " ", tblDocuments[[#This Row],[Boost Key]]))) + IF(Calc!$G$2 = "", 0, --ISNUMBER(SEARCH(" " & Calc!$G$2 & " ", tblDocuments[[#This Row],[Boost Key]]))) + IF(Calc!$H$2 = "", 0, --ISNUMBER(SEARCH(" " & Calc!$H$2 & " ", tblDocuments[[#This Row],[Boost Key]]))) + IF(Calc!$I$2 = "", 0, --ISNUMBER(SEARCH(" " & Calc!$I$2 & " ", tblDocuments[[#This Row],[Boost Key]]))) + IF(Calc!$J$2 = "", 0, --ISNUMBER(SEARCH(" " & Calc!$J$2 & " ", tblDocuments[[#This Row],[Boost Key]]))) + IF(Calc!$K$2 = "", 0, --ISNUMBER(SEARCH(" " & Calc!$K$2 & " ", tblDocuments[[#This Row],[Boost Key]])))) * 4 + (IF(Calc!$D$2 = "", 0, --ISNUMBER(SEARCH(Calc!$D$2, tblDocuments[[#This Row],[Boost Key]]))) + IF(Calc!$E$2 = "", 0, --ISNUMBER(SEARCH(Calc!$E$2, tblDocuments[[#This Row],[Boost Key]]))) + IF(Calc!$F$2 = "", 0, --ISNUMBER(SEARCH(Calc!$F$2, tblDocuments[[#This Row],[Boost Key]]))) + IF(Calc!$G$2 = "", 0, --ISNUMBER(SEARCH(Calc!$G$2, tblDocuments[[#This Row],[Boost Key]]))) + IF(Calc!$H$2 = "", 0, --ISNUMBER(SEARCH(Calc!$H$2, tblDocuments[[#This Row],[Boost Key]]))) + IF(Calc!$I$2 = "", 0, --ISNUMBER(SEARCH(Calc!$I$2, tblDocuments[[#This Row],[Boost Key]]))) + IF(Calc!$J$2 = "", 0, --ISNUMBER(SEARCH(Calc!$J$2, tblDocuments[[#This Row],[Boost Key]]))) + IF(Calc!$K$2 = "", 0, --ISNUMBER(SEARCH(Calc!$K$2, tblDocuments[[#This Row],[Boost Key]])))) * 3 + tblDocuments[[#This Row],[Hits]] * 2 -> 0 | M9: =IF(ScopeOverride = 1, 1, tblDocuments[[#This Row],[Visible]] * --(((TRIM(SelScope & "") = "") + (TRIM(SelScope & "") = "All") + (tblDocuments[[#This Row],[Scope Group]] = TRIM(SelScope & ""))) > 0)) -> 1 | N9: =IF(tblDocuments[[#This Row],[In Scope]] * IF(TermCount = 0, 1, IF(BestHits > 0, --(tblDocuments[[#This Row],[Hits]] = BestHits), 0)) = 1, tblDocuments[[#This Row],[Score]] * 2000000 + (2000000 - ROW()), -1) -> 1999991 | O9: =IF(TRIM(tblDocuments[[#This Row],[Document Name]] & "") = "", "(untitled document)", TRIM(tblDocuments[[#This Row],[Document Name]] & "")) & IF(LEFT(LOWER(TRIM(tblDocuments[[#This Row],[Document Link]] & "")), 4) = "http", "", " (no link)") -> ADR-014 Host SKU Selection AV36P vs AV52 | P9: =IF(LEFT(LOWER(TRIM(tblDocuments[[#This Row],[Document Link]] & "")), 4) = "http", TRIM(tblDocuments[[#This Row],[Document Link]] & ""), "") -> https://contoso.sharepoint.com/sites/AVSProgram/Shared%20Documents/Design/ADR-014-Host-SKU-Selection-AV36P-vs-AV52.docx
A10: Design | B10: Assessment | C10: AVS Sizing and Capacity Assessment | D10: https://contoso.sharepoint.com/sites/AVSProgram/Shared%20Documents/Design/AVS-Sizing-and-Capacity-Assessment.xlsx | E10: Capacity model translating the discovered on-premises estate into required AVS node counts, including growth and slack assumptions. | F10: sizing, capacity, assessment, node count, growth, RVTools | G10: =IF(TRIM(tblDocuments[[#This Row],[Scope]] & "") = "", "(Unspecified)", TRIM(tblDocuments[[#This Row],[Scope]] & "")) -> Design | H10: =SUBTOTAL(103, tblDocuments[[#This Row],[Scope Group]]) -> 1 | I10: =" "&TRIM(SUBSTITUTE(SUBSTITUTE(SUBSTITUTE(SUBSTITUTE(SUBSTITUTE(SUBSTITUTE(SUBSTITUTE(SUBSTITUTE(SUBSTITUTE(SUBSTITUTE(SUBSTITUTE(SUBSTITUTE(SUBSTITUTE(SUBSTITUTE(SUBSTITUTE(SUBSTITUTE(SUBSTITUTE(SUBSTITUTE(SUBSTITUTE(SUBSTITUTE(SUBSTITUTE(SUBSTITUTE(SUBSTITUTE(SUBSTITUTE(SUBSTITUTE(SUBSTITUTE(SUBSTITUTE(SUBSTITUTE(SUBSTITUTE(SUBSTITUTE(SUBSTITUTE(SUBSTITUTE(LOWER(tblDocuments[[#This Row],[Scope]] & " " & tblDocuments[[#This Row],[Document Type]] & " " & tblDocuments[[#This Row],[Document Name]] & " " & tblDocuments[[#This Row],[Description]] & " " & tblDocuments[[#This Row],[Keywords]]),","," "),";"," "),"/"," "),"\"," "),"-"," "),"_"," "),"("," "),")"," "),"["," "),"]"," "),"{"," "),"}"," "),"."," "),":"," "),"'"," "),"|"," "),"+"," "),"&"," "),"*"," "),"?"," "),"~"," "),"#"," "),"!"," "),"@"," "),"<"," "),">"," "),"="," "),CHAR(34)," "),CHAR(9)," "),CHAR(10)," "),CHAR(13)," "),CHAR(160)," "))&" " -> design assessment avs sizing and capacity assessment capacity model translating the discovered on premises estate into required avs node counts including growth and slack assumptions sizing capacity assessment node count growth rvtools | J10: =" "&TRIM(SUBSTITUTE(SUBSTITUTE(SUBSTITUTE(SUBSTITUTE(SUBSTITUTE(SUBSTITUTE(SUBSTITUTE(SUBSTITUTE(SUBSTITUTE(SUBSTITUTE(SUBSTITUTE(SUBSTITUTE(SUBSTITUTE(SUBSTITUTE(SUBSTITUTE(SUBSTITUTE(SUBSTITUTE(SUBSTITUTE(SUBSTITUTE(SUBSTITUTE(SUBSTITUTE(SUBSTITUTE(SUBSTITUTE(SUBSTITUTE(SUBSTITUTE(SUBSTITUTE(SUBSTITUTE(SUBSTITUTE(SUBSTITUTE(SUBSTITUTE(SUBSTITUTE(SUBSTITUTE(LOWER(tblDocuments[[#This Row],[Document Name]] & " " & tblDocuments[[#This Row],[Keywords]] & " " & tblDocuments[[#This Row],[Document Type]] & " " & tblDocuments[[#This Row],[Scope]]),","," "),";"," "),"/"," "),"\"," "),"-"," "),"_"," "),"("," "),")"," "),"["," "),"]"," "),"{"," "),"}"," "),"."," "),":"," "),"'"," "),"|"," "),"+"," "),"&"," "),"*"," "),"?"," "),"~"," "),"#"," "),"!"," "),"@"," "),"<"," "),">"," "),"="," "),CHAR(34)," "),CHAR(9)," "),CHAR(10)," "),CHAR(13)," "),CHAR(160)," "))&" " -> avs sizing and capacity assessment sizing capacity assessment node count growth rvtools assessment design | K10: =(IF(Calc!$D$2 = "", 0, --ISNUMBER(SEARCH(Calc!$D$2, tblDocuments[[#This Row],[Search Key]]))) + IF(Calc!$E$2 = "", 0, --ISNUMBER(SEARCH(Calc!$E$2, tblDocuments[[#This Row],[Search Key]]))) + IF(Calc!$F$2 = "", 0, --ISNUMBER(SEARCH(Calc!$F$2, tblDocuments[[#This Row],[Search Key]]))) + IF(Calc!$G$2 = "", 0, --ISNUMBER(SEARCH(Calc!$G$2, tblDocuments[[#This Row],[Search Key]]))) + IF(Calc!$H$2 = "", 0, --ISNUMBER(SEARCH(Calc!$H$2, tblDocuments[[#This Row],[Search Key]]))) + IF(Calc!$I$2 = "", 0, --ISNUMBER(SEARCH(Calc!$I$2, tblDocuments[[#This Row],[Search Key]]))) + IF(Calc!$J$2 = "", 0, --ISNUMBER(SEARCH(Calc!$J$2, tblDocuments[[#This Row],[Search Key]]))) + IF(Calc!$K$2 = "", 0, --ISNUMBER(SEARCH(Calc!$K$2, tblDocuments[[#This Row],[Search Key]])))) -> 0 | L10: =IF(TermCount < 2, 0, --ISNUMBER(SEARCH(Calc!$B$3, tblDocuments[[#This Row],[Search Key]]))) * 10 + (IF(Calc!$D$2 = "", 0, --ISNUMBER(SEARCH(" " & Calc!$D$2 & " ", tblDocuments[[#This Row],[Boost Key]]))) + IF(Calc!$E$2 = "", 0, --ISNUMBER(SEARCH(" " & Calc!$E$2 & " ", tblDocuments[[#This Row],[Boost Key]]))) + IF(Calc!$F$2 = "", 0, --ISNUMBER(SEARCH(" " & Calc!$F$2 & " ", tblDocuments[[#This Row],[Boost Key]]))) + IF(Calc!$G$2 = "", 0, --ISNUMBER(SEARCH(" " & Calc!$G$2 & " ", tblDocuments[[#This Row],[Boost Key]]))) + IF(Calc!$H$2 = "", 0, --ISNUMBER(SEARCH(" " & Calc!$H$2 & " ", tblDocuments[[#This Row],[Boost Key]]))) + IF(Calc!$I$2 = "", 0, --ISNUMBER(SEARCH(" " & Calc!$I$2 & " ", tblDocuments[[#This Row],[Boost Key]]))) + IF(Calc!$J$2 = "", 0, --ISNUMBER(SEARCH(" " & Calc!$J$2 & " ", tblDocuments[[#This Row],[Boost Key]]))) + IF(Calc!$K$2 = "", 0, --ISNUMBER(SEARCH(" " & Calc!$K$2 & " ", tblDocuments[[#This Row],[Boost Key]])))) * 4 + (IF(Calc!$D$2 = "", 0, --ISNUMBER(SEARCH(Calc!$D$2, tblDocuments[[#This Row],[Boost Key]]))) + IF(Calc!$E$2 = "", 0, --ISNUMBER(SEARCH(Calc!$E$2, tblDocuments[[#This Row],[Boost Key]]))) + IF(Calc!$F$2 = "", 0, --ISNUMBER(SEARCH(Calc!$F$2, tblDocuments[[#This Row],[Boost Key]]))) + IF(Calc!$G$2 = "", 0, --ISNUMBER(SEARCH(Calc!$G$2, tblDocuments[[#This Row],[Boost Key]]))) + IF(Calc!$H$2 = "", 0, --ISNUMBER(SEARCH(Calc!$H$2, tblDocuments[[#This Row],[Boost Key]]))) + IF(Calc!$I$2 = "", 0, --ISNUMBER(SEARCH(Calc!$I$2, tblDocuments[[#This Row],[Boost Key]]))) + IF(Calc!$J$2 = "", 0, --ISNUMBER(SEARCH(Calc!$J$2, tblDocuments[[#This Row],[Boost Key]]))) + IF(Calc!$K$2 = "", 0, --ISNUMBER(SEARCH(Calc!$K$2, tblDocuments[[#This Row],[Boost Key]])))) * 3 + tblDocuments[[#This Row],[Hits]] * 2 -> 0 | M10: =IF(ScopeOverride = 1, 1, tblDocuments[[#This Row],[Visible]] * --(((TRIM(SelScope & "") = "") + (TRIM(SelScope & "") = "All") + (tblDocuments[[#This Row],[Scope Group]] = TRIM(SelScope & ""))) > 0)) -> 1 | N10: =IF(tblDocuments[[#This Row],[In Scope]] * IF(TermCount = 0, 1, IF(BestHits > 0, --(tblDocuments[[#This Row],[Hits]] = BestHits), 0)) = 1, tblDocuments[[#This Row],[Score]] * 2000000 + (2000000 - ROW()), -1) -> 1999990 | O10: =IF(TRIM(tblDocuments[[#This Row],[Document Name]] & "") = "", "(untitled document)", TRIM(tblDocuments[[#This Row],[Document Name]] & "")) & IF(LEFT(LOWER(TRIM(tblDocuments[[#This Row],[Document Link]] & "")), 4) = "http", "", " (no link)") -> AVS Sizing and Capacity Assessment | P10: =IF(LEFT(LOWER(TRIM(tblDocuments[[#This Row],[Document Link]] & "")), 4) = "http", TRIM(tblDocuments[[#This Row],[Document Link]] & ""), "") -> https://contoso.sharepoint.com/sites/AVSProgram/Shared%20Documents/Design/AVS-Sizing-and-Capacity-Assessment.xlsx
A11: Design | B11: Whitepaper | C11: Stretched Clusters for AVS Explained | D11: https://contoso.sharepoint.com/sites/AVSProgram/Shared%20Documents/Design/Stretched-Clusters-for-AVS-Explained.pdf | E11: Whitepaper on stretched cluster availability zones in AVS, the SLA implications and when the pattern is appropriate. | F11: stretched cluster, availability zone, SLA, vSAN, resilience | G11: =IF(TRIM(tblDocuments[[#This Row],[Scope]] & "") = "", "(Unspecified)", TRIM(tblDocuments[[#This Row],[Scope]] & "")) -> Design | H11: =SUBTOTAL(103, tblDocuments[[#This Row],[Scope Group]]) -> 1 | I11: =" "&TRIM(SUBSTITUTE(SUBSTITUTE(SUBSTITUTE(SUBSTITUTE(SUBSTITUTE(SUBSTITUTE(SUBSTITUTE(SUBSTITUTE(SUBSTITUTE(SUBSTITUTE(SUBSTITUTE(SUBSTITUTE(SUBSTITUTE(SUBSTITUTE(SUBSTITUTE(SUBSTITUTE(SUBSTITUTE(SUBSTITUTE(SUBSTITUTE(SUBSTITUTE(SUBSTITUTE(SUBSTITUTE(SUBSTITUTE(SUBSTITUTE(SUBSTITUTE(SUBSTITUTE(SUBSTITUTE(SUBSTITUTE(SUBSTITUTE(SUBSTITUTE(SUBSTITUTE(SUBSTITUTE(LOWER(tblDocuments[[#This Row],[Scope]] & " " & tblDocuments[[#This Row],[Document Type]] & " " & tblDocuments[[#This Row],[Document Name]] & " " & tblDocuments[[#This Row],[Description]] & " " & tblDocuments[[#This Row],[Keywords]]),","," "),";"," "),"/"," "),"\"," "),"-"," "),"_"," "),"("," "),")"," "),"["," "),"]"," "),"{"," "),"}"," "),"."," "),":"," "),"'"," "),"|"," "),"+"," "),"&"," "),"*"," "),"?"," "),"~"," "),"#"," "),"!"," "),"@"," "),"<"," "),">"," "),"="," "),CHAR(34)," "),CHAR(9)," "),CHAR(10)," "),CHAR(13)," "),CHAR(160)," "))&" " -> design whitepaper stretched clusters for avs explained whitepaper on stretched cluster availability zones in avs the sla implications and when the pattern is appropriate stretched cluster availability zone sla vsan resilience | J11: =" "&TRIM(SUBSTITUTE(SUBSTITUTE(SUBSTITUTE(SUBSTITUTE(SUBSTITUTE(SUBSTITUTE(SUBSTITUTE(SUBSTITUTE(SUBSTITUTE(SUBSTITUTE(SUBSTITUTE(SUBSTITUTE(SUBSTITUTE(SUBSTITUTE(SUBSTITUTE(SUBSTITUTE(SUBSTITUTE(SUBSTITUTE(SUBSTITUTE(SUBSTITUTE(SUBSTITUTE(SUBSTITUTE(SUBSTITUTE(SUBSTITUTE(SUBSTITUTE(SUBSTITUTE(SUBSTITUTE(SUBSTITUTE(SUBSTITUTE(SUBSTITUTE(SUBSTITUTE(SUBSTITUTE(LOWER(tblDocuments[[#This Row],[Document Name]] & " " & tblDocuments[[#This Row],[Keywords]] & " " & tblDocuments[[#This Row],[Document Type]] & " " & tblDocuments[[#This Row],[Scope]]),","," "),";"," "),"/"," "),"\"," "),"-"," "),"_"," "),"("," "),")"," "),"["," "),"]"," "),"{"," "),"}"," "),"."," "),":"," "),"'"," "),"|"," "),"+"," "),"&"," "),"*"," "),"?"," "),"~"," "),"#"," "),"!"," "),"@"," "),"<"," "),">"," "),"="," "),CHAR(34)," "),CHAR(9)," "),CHAR(10)," "),CHAR(13)," "),CHAR(160)," "))&" " -> stretched clusters for avs explained stretched cluster availability zone sla vsan resilience whitepaper design | K11: =(IF(Calc!$D$2 = "", 0, --ISNUMBER(SEARCH(Calc!$D$2, tblDocuments[[#This Row],[Search Key]]))) + IF(Calc!$E$2 = "", 0, --ISNUMBER(SEARCH(Calc!$E$2, tblDocuments[[#This Row],[Search Key]]))) + IF(Calc!$F$2 = "", 0, --ISNUMBER(SEARCH(Calc!$F$2, tblDocuments[[#This Row],[Search Key]]))) + IF(Calc!$G$2 = "", 0, --ISNUMBER(SEARCH(Calc!$G$2, tblDocuments[[#This Row],[Search Key]]))) + IF(Calc!$H$2 = "", 0, --ISNUMBER(SEARCH(Calc!$H$2, tblDocuments[[#This Row],[Search Key]]))) + IF(Calc!$I$2 = "", 0, --ISNUMBER(SEARCH(Calc!$I$2, tblDocuments[[#This Row],[Search Key]]))) + IF(Calc!$J$2 = "", 0, --ISNUMBER(SEARCH(Calc!$J$2, tblDocuments[[#This Row],[Search Key]]))) + IF(Calc!$K$2 = "", 0, --ISNUMBER(SEARCH(Calc!$K$2, tblDocuments[[#This Row],[Search Key]])))) -> 0 | L11: =IF(TermCount < 2, 0, --ISNUMBER(SEARCH(Calc!$B$3, tblDocuments[[#This Row],[Search Key]]))) * 10 + (IF(Calc!$D$2 = "", 0, --ISNUMBER(SEARCH(" " & Calc!$D$2 & " ", tblDocuments[[#This Row],[Boost Key]]))) + IF(Calc!$E$2 = "", 0, --ISNUMBER(SEARCH(" " & Calc!$E$2 & " ", tblDocuments[[#This Row],[Boost Key]]))) + IF(Calc!$F$2 = "", 0, --ISNUMBER(SEARCH(" " & Calc!$F$2 & " ", tblDocuments[[#This Row],[Boost Key]]))) + IF(Calc!$G$2 = "", 0, --ISNUMBER(SEARCH(" " & Calc!$G$2 & " ", tblDocuments[[#This Row],[Boost Key]]))) + IF(Calc!$H$2 = "", 0, --ISNUMBER(SEARCH(" " & Calc!$H$2 & " ", tblDocuments[[#This Row],[Boost Key]]))) + IF(Calc!$I$2 = "", 0, --ISNUMBER(SEARCH(" " & Calc!$I$2 & " ", tblDocuments[[#This Row],[Boost Key]]))) + IF(Calc!$J$2 = "", 0, --ISNUMBER(SEARCH(" " & Calc!$J$2 & " ", tblDocuments[[#This Row],[Boost Key]]))) + IF(Calc!$K$2 = "", 0, --ISNUMBER(SEARCH(" " & Calc!$K$2 & " ", tblDocuments[[#This Row],[Boost Key]])))) * 4 + (IF(Calc!$D$2 = "", 0, --ISNUMBER(SEARCH(Calc!$D$2, tblDocuments[[#This Row],[Boost Key]]))) + IF(Calc!$E$2 = "", 0, --ISNUMBER(SEARCH(Calc!$E$2, tblDocuments[[#This Row],[Boost Key]]))) + IF(Calc!$F$2 = "", 0, --ISNUMBER(SEARCH(Calc!$F$2, tblDocuments[[#This Row],[Boost Key]]))) + IF(Calc!$G$2 = "", 0, --ISNUMBER(SEARCH(Calc!$G$2, tblDocuments[[#This Row],[Boost Key]]))) + IF(Calc!$H$2 = "", 0, --ISNUMBER(SEARCH(Calc!$H$2, tblDocuments[[#This Row],[Boost Key]]))) + IF(Calc!$I$2 = "", 0, --ISNUMBER(SEARCH(Calc!$I$2, tblDocuments[[#This Row],[Boost Key]]))) + IF(Calc!$J$2 = "", 0, --ISNUMBER(SEARCH(Calc!$J$2, tblDocuments[[#This Row],[Boost Key]]))) + IF(Calc!$K$2 = "", 0, --ISNUMBER(SEARCH(Calc!$K$2, tblDocuments[[#This Row],[Boost Key]])))) * 3 + tblDocuments[[#This Row],[Hits]] * 2 -> 0 | M11: =IF(ScopeOverride = 1, 1, tblDocuments[[#This Row],[Visible]] * --(((TRIM(SelScope & "") = "") + (TRIM(SelScope & "") = "All") + (tblDocuments[[#This Row],[Scope Group]] = TRIM(SelScope & ""))) > 0)) -> 1 | N11: =IF(tblDocuments[[#This Row],[In Scope]] * IF(TermCount = 0, 1, IF(BestHits > 0, --(tblDocuments[[#This Row],[Hits]] = BestHits), 0)) = 1, tblDocuments[[#This Row],[Score]] * 2000000 + (2000000 - ROW()), -1) -> 1999989 | O11: =IF(TRIM(tblDocuments[[#This Row],[Document Name]] & "") = "", "(untitled document)", TRIM(tblDocuments[[#This Row],[Document Name]] & "")) & IF(LEFT(LOWER(TRIM(tblDocuments[[#This Row],[Document Link]] & "")), 4) = "http", "", " (no link)") -> Stretched Clusters for AVS Explained | P11: =IF(LEFT(LOWER(TRIM(tblDocuments[[#This Row],[Document Link]] & "")), 4) = "http", TRIM(tblDocuments[[#This Row],[Document Link]] & ""), "") -> https://contoso.sharepoint.com/sites/AVSProgram/Shared%20Documents/Design/Stretched-Clusters-for-AVS-Explained.pdf
A12: Design | B12: Guide | C12: AVS Landing Zone Accelerator Walkthrough | D12: https://contoso.sharepoint.com/sites/AVSProgram/Shared%20Documents/Design/AVS-Landing-Zone-Accelerator-Walkthrough.docx | E12: Walkthrough of the Microsoft AVS landing zone accelerator and the deltas applied for this programme. | F12: landing zone, accelerator, CAF, enterprise scale, bicep | G12: =IF(TRIM(tblDocuments[[#This Row],[Scope]] & "") = "", "(Unspecified)", TRIM(tblDocuments[[#This Row],[Scope]] & "")) -> Design | H12: =SUBTOTAL(103, tblDocuments[[#This Row],[Scope Group]]) -> 1 | I12: =" "&TRIM(SUBSTITUTE(SUBSTITUTE(SUBSTITUTE(SUBSTITUTE(SUBSTITUTE(SUBSTITUTE(SUBSTITUTE(SUBSTITUTE(SUBSTITUTE(SUBSTITUTE(SUBSTITUTE(SUBSTITUTE(SUBSTITUTE(SUBSTITUTE(SUBSTITUTE(SUBSTITUTE(SUBSTITUTE(SUBSTITUTE(SUBSTITUTE(SUBSTITUTE(SUBSTITUTE(SUBSTITUTE(SUBSTITUTE(SUBSTITUTE(SUBSTITUTE(SUBSTITUTE(SUBSTITUTE(SUBSTITUTE(SUBSTITUTE(SUBSTITUTE(SUBSTITUTE(SUBSTITUTE(LOWER(tblDocuments[[#This Row],[Scope]] & " " & tblDocuments[[#This Row],[Document Type]] & " " & tblDocuments[[#This Row],[Document Name]] & " " & tblDocuments[[#This Row],[Description]] & " " & tblDocuments[[#This Row],[Keywords]]),","," "),";"," "),"/"," "),"\"," "),"-"," "),"_"," "),"("," "),")"," "),"["," "),"]"," "),"{"," "),"}"," "),"."," "),":"," "),"'"," "),"|"," "),"+"," "),"&"," "),"*"," "),"?"," "),"~"," "),"#"," "),"!"," "),"@"," "),"<"," "),">"," "),"="," "),CHAR(34)," "),CHAR(9)," "),CHAR(10)," "),CHAR(13)," "),CHAR(160)," "))&" " -> design guide avs landing zone accelerator walkthrough walkthrough of the microsoft avs landing zone accelerator and the deltas applied for this programme landing zone accelerator caf enterprise scale bicep | J12: =" "&TRIM(SUBSTITUTE(SUBSTITUTE(SUBSTITUTE(SUBSTITUTE(SUBSTITUTE(SUBSTITUTE(SUBSTITUTE(SUBSTITUTE(SUBSTITUTE(SUBSTITUTE(SUBSTITUTE(SUBSTITUTE(SUBSTITUTE(SUBSTITUTE(SUBSTITUTE(SUBSTITUTE(SUBSTITUTE(SUBSTITUTE(SUBSTITUTE(SUBSTITUTE(SUBSTITUTE(SUBSTITUTE(SUBSTITUTE(SUBSTITUTE(SUBSTITUTE(SUBSTITUTE(SUBSTITUTE(SUBSTITUTE(SUBSTITUTE(SUBSTITUTE(SUBSTITUTE(SUBSTITUTE(LOWER(tblDocuments[[#This Row],[Document Name]] & " " & tblDocuments[[#This Row],[Keywords]] & " " & tblDocuments[[#This Row],[Document Type]] & " " & tblDocuments[[#This Row],[Scope]]),","," "),";"," "),"/"," "),"\"," "),"-"," "),"_"," "),"("," "),")"," "),"["," "),"]"," "),"{"," "),"}"," "),"."," "),":"," "),"'"," "),"|"," "),"+"," "),"&"," "),"*"," "),"?"," "),"~"," "),"#"," "),"!"," "),"@"," "),"<"," "),">"," "),"="," "),CHAR(34)," "),CHAR(9)," "),CHAR(10)," "),CHAR(13)," "),CHAR(160)," "))&" " -> avs landing zone accelerator walkthrough landing zone accelerator caf enterprise scale bicep guide design | K12: =(IF(Calc!$D$2 = "", 0, --ISNUMBER(SEARCH(Calc!$D$2, tblDocuments[[#This Row],[Search Key]]))) + IF(Calc!$E$2 = "", 0, --ISNUMBER(SEARCH(Calc!$E$2, tblDocuments[[#This Row],[Search Key]]))) + IF(Calc!$F$2 = "", 0, --ISNUMBER(SEARCH(Calc!$F$2, tblDocuments[[#This Row],[Search Key]]))) + IF(Calc!$G$2 = "", 0, --ISNUMBER(SEARCH(Calc!$G$2, tblDocuments[[#This Row],[Search Key]]))) + IF(Calc!$H$2 = "", 0, --ISNUMBER(SEARCH(Calc!$H$2, tblDocuments[[#This Row],[Search Key]]))) + IF(Calc!$I$2 = "", 0, --ISNUMBER(SEARCH(Calc!$I$2, tblDocuments[[#This Row],[Search Key]]))) + IF(Calc!$J$2 = "", 0, --ISNUMBER(SEARCH(Calc!$J$2, tblDocuments[[#This Row],[Search Key]]))) + IF(Calc!$K$2 = "", 0, --ISNUMBER(SEARCH(Calc!$K$2, tblDocuments[[#This Row],[Search Key]])))) -> 0 | L12: =IF(TermCount < 2, 0, --ISNUMBER(SEARCH(Calc!$B$3, tblDocuments[[#This Row],[Search Key]]))) * 10 + (IF(Calc!$D$2 = "", 0, --ISNUMBER(SEARCH(" " & Calc!$D$2 & " ", tblDocuments[[#This Row],[Boost Key]]))) + IF(Calc!$E$2 = "", 0, --ISNUMBER(SEARCH(" " & Calc!$E$2 & " ", tblDocuments[[#This Row],[Boost Key]]))) + IF(Calc!$F$2 = "", 0, --ISNUMBER(SEARCH(" " & Calc!$F$2 & " ", tblDocuments[[#This Row],[Boost Key]]))) + IF(Calc!$G$2 = "", 0, --ISNUMBER(SEARCH(" " & Calc!$G$2 & " ", tblDocuments[[#This Row],[Boost Key]]))) + IF(Calc!$H$2 = "", 0, --ISNUMBER(SEARCH(" " & Calc!$H$2 & " ", tblDocuments[[#This Row],[Boost Key]]))) + IF(Calc!$I$2 = "", 0, --ISNUMBER(SEARCH(" " & Calc!$I$2 & " ", tblDocuments[[#This Row],[Boost Key]]))) + IF(Calc!$J$2 = "", 0, --ISNUMBER(SEARCH(" " & Calc!$J$2 & " ", tblDocuments[[#This Row],[Boost Key]]))) + IF(Calc!$K$2 = "", 0, --ISNUMBER(SEARCH(" " & Calc!$K$2 & " ", tblDocuments[[#This Row],[Boost Key]])))) * 4 + (IF(Calc!$D$2 = "", 0, --ISNUMBER(SEARCH(Calc!$D$2, tblDocuments[[#This Row],[Boost Key]]))) + IF(Calc!$E$2 = "", 0, --ISNUMBER(SEARCH(Calc!$E$2, tblDocuments[[#This Row],[Boost Key]]))) + IF(Calc!$F$2 = "", 0, --ISNUMBER(SEARCH(Calc!$F$2, tblDocuments[[#This Row],[Boost Key]]))) + IF(Calc!$G$2 = "", 0, --ISNUMBER(SEARCH(Calc!$G$2, tblDocuments[[#This Row],[Boost Key]]))) + IF(Calc!$H$2 = "", 0, --ISNUMBER(SEARCH(Calc!$H$2, tblDocuments[[#This Row],[Boost Key]]))) + IF(Calc!$I$2 = "", 0, --ISNUMBER(SEARCH(Calc!$I$2, tblDocuments[[#This Row],[Boost Key]]))) + IF(Calc!$J$2 = "", 0, --ISNUMBER(SEARCH(Calc!$J$2, tblDocuments[[#This Row],[Boost Key]]))) + IF(Calc!$K$2 = "", 0, --ISNUMBER(SEARCH(Calc!$K$2, tblDocuments[[#This Row],[Boost Key]])))) * 3 + tblDocuments[[#This Row],[Hits]] * 2 -> 0 | M12: =IF(ScopeOverride = 1, 1, tblDocuments[[#This Row],[Visible]] * --(((TRIM(SelScope & "") = "") + (TRIM(SelScope & "") = "All") + (tblDocuments[[#This Row],[Scope Group]] = TRIM(SelScope & ""))) > 0)) -> 1 | N12: =IF(tblDocuments[[#This Row],[In Scope]] * IF(TermCount = 0, 1, IF(BestHits > 0, --(tblDocuments[[#This Row],[Hits]] = BestHits), 0)) = 1, tblDocuments[[#This Row],[Score]] * 2000000 + (2000000 - ROW()), -1) -> 1999988 | O12: =IF(TRIM(tblDocuments[[#This Row],[Document Name]] & "") = "", "(untitled document)", TRIM(tblDocuments[[#This Row],[Document Name]] & "")) & IF(LEFT(LOWER(TRIM(tblDocuments[[#This Row],[Document Link]] & "")), 4) = "http", "", " (no link)") -> AVS Landing Zone Accelerator Walkthrough | P12: =IF(LEFT(LOWER(TRIM(tblDocuments[[#This Row],[Document Link]] & "")), 4) = "http", TRIM(tblDocuments[[#This Row],[Document Link]] & ""), "") -> https://contoso.sharepoint.com/sites/AVSProgram/Shared%20Documents/Design/AVS-Landing-Zone-Accelerator-Walkthrough.docx
A13: Design | B13: HLD | C13: Hybrid Connectivity High Level Design | D13: https://contoso.sharepoint.com/sites/AVSProgram/Shared%20Documents/Design/Hybrid-Connectivity-High-Level-Design.docx | E13: High level design for hybrid connectivity between on-premises datacentres, Azure regions and the AVS private clouds. | F13: hybrid, connectivity, HLD, ExpressRoute, VPN, MPLS | G13: =IF(TRIM(tblDocuments[[#This Row],[Scope]] & "") = "", "(Unspecified)", TRIM(tblDocuments[[#This Row],[Scope]] & "")) -> Design | H13: =SUBTOTAL(103, tblDocuments[[#This Row],[Scope Group]]) -> 1 | I13: =" "&TRIM(SUBSTITUTE(SUBSTITUTE(SUBSTITUTE(SUBSTITUTE(SUBSTITUTE(SUBSTITUTE(SUBSTITUTE(SUBSTITUTE(SUBSTITUTE(SUBSTITUTE(SUBSTITUTE(SUBSTITUTE(SUBSTITUTE(SUBSTITUTE(SUBSTITUTE(SUBSTITUTE(SUBSTITUTE(SUBSTITUTE(SUBSTITUTE(SUBSTITUTE(SUBSTITUTE(SUBSTITUTE(SUBSTITUTE(SUBSTITUTE(SUBSTITUTE(SUBSTITUTE(SUBSTITUTE(SUBSTITUTE(SUBSTITUTE(SUBSTITUTE(SUBSTITUTE(SUBSTITUTE(LOWER(tblDocuments[[#This Row],[Scope]] & " " & tblDocuments[[#This Row],[Document Type]] & " " & tblDocuments[[#This Row],[Document Name]] & " " & tblDocuments[[#This Row],[Description]] & " " & tblDocuments[[#This Row],[Keywords]]),","," "),";"," "),"/"," "),"\"," "),"-"," "),"_"," "),"("," "),")"," "),"["," "),"]"," "),"{"," "),"}"," "),"."," "),":"," "),"'"," "),"|"," "),"+"," "),"&"," "),"*"," "),"?"," "),"~"," "),"#"," "),"!"," "),"@"," "),"<"," "),">"," "),"="," "),CHAR(34)," "),CHAR(9)," "),CHAR(10)," "),CHAR(13)," "),CHAR(160)," "))&" " -> design hld hybrid connectivity high level design high level design for hybrid connectivity between on premises datacentres azure regions and the avs private clouds hybrid connectivity hld expressroute vpn mpls | J13: =" "&TRIM(SUBSTITUTE(SUBSTITUTE(SUBSTITUTE(SUBSTITUTE(SUBSTITUTE(SUBSTITUTE(SUBSTITUTE(SUBSTITUTE(SUBSTITUTE(SUBSTITUTE(SUBSTITUTE(SUBSTITUTE(SUBSTITUTE(SUBSTITUTE(SUBSTITUTE(SUBSTITUTE(SUBSTITUTE(SUBSTITUTE(SUBSTITUTE(SUBSTITUTE(SUBSTITUTE(SUBSTITUTE(SUBSTITUTE(SUBSTITUTE(SUBSTITUTE(SUBSTITUTE(SUBSTITUTE(SUBSTITUTE(SUBSTITUTE(SUBSTITUTE(SUBSTITUTE(SUBSTITUTE(LOWER(tblDocuments[[#This Row],[Document Name]] & " " & tblDocuments[[#This Row],[Keywords]] & " " & tblDocuments[[#This Row],[Document Type]] & " " & tblDocuments[[#This Row],[Scope]]),","," "),";"," "),"/"," "),"\"," "),"-"," "),"_"," "),"("," "),")"," "),"["," "),"]"," "),"{"," "),"}"," "),"."," "),":"," "),"'"," "),"|"," "),"+"," "),"&"," "),"*"," "),"?"," "),"~"," "),"#"," "),"!"," "),"@"," "),"<"," "),">"," "),"="," "),CHAR(34)," "),CHAR(9)," "),CHAR(10)," "),CHAR(13)," "),CHAR(160)," "))&" " -> hybrid connectivity high level design hybrid connectivity hld expressroute vpn mpls hld design | K13: =(IF(Calc!$D$2 = "", 0, --ISNUMBER(SEARCH(Calc!$D$2, tblDocuments[[#This Row],[Search Key]]))) + IF(Calc!$E$2 = "", 0, --ISNUMBER(SEARCH(Calc!$E$2, tblDocuments[[#This Row],[Search Key]]))) + IF(Calc!$F$2 = "", 0, --ISNUMBER(SEARCH(Calc!$F$2, tblDocuments[[#This Row],[Search Key]]))) + IF(Calc!$G$2 = "", 0, --ISNUMBER(SEARCH(Calc!$G$2, tblDocuments[[#This Row],[Search Key]]))) + IF(Calc!$H$2 = "", 0, --ISNUMBER(SEARCH(Calc!$H$2, tblDocuments[[#This Row],[Search Key]]))) + IF(Calc!$I$2 = "", 0, --ISNUMBER(SEARCH(Calc!$I$2, tblDocuments[[#This Row],[Search Key]]))) + IF(Calc!$J$2 = "", 0, --ISNUMBER(SEARCH(Calc!$J$2, tblDocuments[[#This Row],[Search Key]]))) + IF(Calc!$K$2 = "", 0, --ISNUMBER(SEARCH(Calc!$K$2, tblDocuments[[#This Row],[Search Key]])))) -> 0 | L13: =IF(TermCount < 2, 0, --ISNUMBER(SEARCH(Calc!$B$3, tblDocuments[[#This Row],[Search Key]]))) * 10 + (IF(Calc!$D$2 = "", 0, --ISNUMBER(SEARCH(" " & Calc!$D$2 & " ", tblDocuments[[#This Row],[Boost Key]]))) + IF(Calc!$E$2 = "", 0, --ISNUMBER(SEARCH(" " & Calc!$E$2 & " ", tblDocuments[[#This Row],[Boost Key]]))) + IF(Calc!$F$2 = "", 0, --ISNUMBER(SEARCH(" " & Calc!$F$2 & " ", tblDocuments[[#This Row],[Boost Key]]))) + IF(Calc!$G$2 = "", 0, --ISNUMBER(SEARCH(" " & Calc!$G$2 & " ", tblDocuments[[#This Row],[Boost Key]]))) + IF(Calc!$H$2 = "", 0, --ISNUMBER(SEARCH(" " & Calc!$H$2 & " ", tblDocuments[[#This Row],[Boost Key]]))) + IF(Calc!$I$2 = "", 0, --ISNUMBER(SEARCH(" " & Calc!$I$2 & " ", tblDocuments[[#This Row],[Boost Key]]))) + IF(Calc!$J$2 = "", 0, --ISNUMBER(SEARCH(" " & Calc!$J$2 & " ", tblDocuments[[#This Row],[Boost Key]]))) + IF(Calc!$K$2 = "", 0, --ISNUMBER(SEARCH(" " & Calc!$K$2 & " ", tblDocuments[[#This Row],[Boost Key]])))) * 4 + (IF(Calc!$D$2 = "", 0, --ISNUMBER(SEARCH(Calc!$D$2, tblDocuments[[#This Row],[Boost Key]]))) + IF(Calc!$E$2 = "", 0, --ISNUMBER(SEARCH(Calc!$E$2, tblDocuments[[#This Row],[Boost Key]]))) + IF(Calc!$F$2 = "", 0, --ISNUMBER(SEARCH(Calc!$F$2, tblDocuments[[#This Row],[Boost Key]]))) + IF(Calc!$G$2 = "", 0, --ISNUMBER(SEARCH(Calc!$G$2, tblDocuments[[#This Row],[Boost Key]]))) + IF(Calc!$H$2 = "", 0, --ISNUMBER(SEARCH(Calc!$H$2, tblDocuments[[#This Row],[Boost Key]]))) + IF(Calc!$I$2 = "", 0, --ISNUMBER(SEARCH(Calc!$I$2, tblDocuments[[#This Row],[Boost Key]]))) + IF(Calc!$J$2 = "", 0, --ISNUMBER(SEARCH(Calc!$J$2, tblDocuments[[#This Row],[Boost Key]]))) + IF(Calc!$K$2 = "", 0, --ISNUMBER(SEARCH(Calc!$K$2, tblDocuments[[#This Row],[Boost Key]])))) * 3 + tblDocuments[[#This Row],[Hits]] * 2 -> 0 | M13: =IF(ScopeOverride = 1, 1, tblDocuments[[#This Row],[Visible]] * --(((TRIM(SelScope & "") = "") + (TRIM(SelScope & "") = "All") + (tblDocuments[[#This Row],[Scope Group]] = TRIM(SelScope & ""))) > 0)) -> 1 | N13: =IF(tblDocuments[[#This Row],[In Scope]] * IF(TermCount = 0, 1, IF(BestHits > 0, --(tblDocuments[[#This Row],[Hits]] = BestHits), 0)) = 1, tblDocuments[[#This Row],[Score]] * 2000000 + (2000000 - ROW()), -1) -> 1999987 | O13: =IF(TRIM(tblDocuments[[#This Row],[Document Name]] & "") = "", "(untitled document)", TRIM(tblDocuments[[#This Row],[Document Name]] & "")) & IF(LEFT(LOWER(TRIM(tblDocuments[[#This Row],[Document Link]] & "")), 4) = "http", "", " (no link)") -> Hybrid Connectivity High Level Design | P13: =IF(LEFT(LOWER(TRIM(tblDocuments[[#This Row],[Document Link]] & "")), 4) = "http", TRIM(tblDocuments[[#This Row],[Document Link]] & ""), "") -> https://contoso.sharepoint.com/sites/AVSProgram/Shared%20Documents/Design/Hybrid-Connectivity-High-Level-Design.docx
A14: Design | B14: Template | C14: Design Document Template | D14: https://contoso.sharepoint.com/sites/AVSProgram/Shared%20Documents/Design/Design-Document-Template.docx | E14: Programme standard template for HLD and LLD deliverables including the mandatory design decision and assumption tables. | F14: template, HLD, LLD, standard, documentation | G14: =IF(TRIM(tblDocuments[[#This Row],[Scope]] & "") = "", "(Unspecified)", TRIM(tblDocuments[[#This Row],[Scope]] & "")) -> Design | H14: =SUBTOTAL(103, tblDocuments[[#This Row],[Scope Group]]) -> 1 | I14: =" "&TRIM(SUBSTITUTE(SUBSTITUTE(SUBSTITUTE(SUBSTITUTE(SUBSTITUTE(SUBSTITUTE(SUBSTITUTE(SUBSTITUTE(SUBSTITUTE(SUBSTITUTE(SUBSTITUTE(SUBSTITUTE(SUBSTITUTE(SUBSTITUTE(SUBSTITUTE(SUBSTITUTE(SUBSTITUTE(SUBSTITUTE(SUBSTITUTE(SUBSTITUTE(SUBSTITUTE(SUBSTITUTE(SUBSTITUTE(SUBSTITUTE(SUBSTITUTE(SUBSTITUTE(SUBSTITUTE(SUBSTITUTE(SUBSTITUTE(SUBSTITUTE(SUBSTITUTE(SUBSTITUTE(LOWER(tblDocuments[[#This Row],[Scope]] & " " & tblDocuments[[#This Row],[Document Type]] & " " & tblDocuments[[#This Row],[Document Name]] & " " & tblDocuments[[#This Row],[Description]] & " " & tblDocuments[[#This Row],[Keywords]]),","," "),";"," "),"/"," "),"\"," "),"-"," "),"_"," "),"("," "),")"," "),"["," "),"]"," "),"{"," "),"}"," "),"."," "),":"," "),"'"," "),"|"," "),"+"," "),"&"," "),"*"," "),"?"," "),"~"," "),"#"," "),"!"," "),"@"," "),"<"," "),">"," "),"="," "),CHAR(34)," "),CHAR(9)," "),CHAR(10)," "),CHAR(13)," "),CHAR(160)," "))&" " -> design template design document template programme standard template for hld and lld deliverables including the mandatory design decision and assumption tables template hld lld standard documentation | J14: =" "&TRIM(SUBSTITUTE(SUBSTITUTE(SUBSTITUTE(SUBSTITUTE(SUBSTITUTE(SUBSTITUTE(SUBSTITUTE(SUBSTITUTE(SUBSTITUTE(SUBSTITUTE(SUBSTITUTE(SUBSTITUTE(SUBSTITUTE(SUBSTITUTE(SUBSTITUTE(SUBSTITUTE(SUBSTITUTE(SUBSTITUTE(SUBSTITUTE(SUBSTITUTE(SUBSTITUTE(SUBSTITUTE(SUBSTITUTE(SUBSTITUTE(SUBSTITUTE(SUBSTITUTE(SUBSTITUTE(SUBSTITUTE(SUBSTITUTE(SUBSTITUTE(SUBSTITUTE(SUBSTITUTE(LOWER(tblDocuments[[#This Row],[Document Name]] & " " & tblDocuments[[#This Row],[Keywords]] & " " & tblDocuments[[#This Row],[Document Type]] & " " & tblDocuments[[#This Row],[Scope]]),","," "),";"," "),"/"," "),"\"," "),"-"," "),"_"," "),"("," "),")"," "),"["," "),"]"," "),"{"," "),"}"," "),"."," "),":"," "),"'"," "),"|"," "),"+"," "),"&"," "),"*"," "),"?"," "),"~"," "),"#"," "),"!"," "),"@"," "),"<"," "),">"," "),"="," "),CHAR(34)," "),CHAR(9)," "),CHAR(10)," "),CHAR(13)," "),CHAR(160)," "))&" " -> design document template template hld lld standard documentation template design | K14: =(IF(Calc!$D$2 = "", 0, --ISNUMBER(SEARCH(Calc!$D$2, tblDocuments[[#This Row],[Search Key]]))) + IF(Calc!$E$2 = "", 0, --ISNUMBER(SEARCH(Calc!$E$2, tblDocuments[[#This Row],[Search Key]]))) + IF(Calc!$F$2 = "", 0, --ISNUMBER(SEARCH(Calc!$F$2, tblDocuments[[#This Row],[Search Key]]))) + IF(Calc!$G$2 = "", 0, --ISNUMBER(SEARCH(Calc!$G$2, tblDocuments[[#This Row],[Search Key]]))) + IF(Calc!$H$2 = "", 0, --ISNUMBER(SEARCH(Calc!$H$2, tblDocuments[[#This Row],[Search Key]]))) + IF(Calc!$I$2 = "", 0, --ISNUMBER(SEARCH(Calc!$I$2, tblDocuments[[#This Row],[Search Key]]))) + IF(Calc!$J$2 = "", 0, --ISNUMBER(SEARCH(Calc!$J$2, tblDocuments[[#This Row],[Search Key]]))) + IF(Calc!$K$2 = "", 0, --ISNUMBER(SEARCH(Calc!$K$2, tblDocuments[[#This Row],[Search Key]])))) -> 0 | L14: =IF(TermCount < 2, 0, --ISNUMBER(SEARCH(Calc!$B$3, tblDocuments[[#This Row],[Search Key]]))) * 10 + (IF(Calc!$D$2 = "", 0, --ISNUMBER(SEARCH(" " & Calc!$D$2 & " ", tblDocuments[[#This Row],[Boost Key]]))) + IF(Calc!$E$2 = "", 0, --ISNUMBER(SEARCH(" " & Calc!$E$2 & " ", tblDocuments[[#This Row],[Boost Key]]))) + IF(Calc!$F$2 = "", 0, --ISNUMBER(SEARCH(" " & Calc!$F$2 & " ", tblDocuments[[#This Row],[Boost Key]]))) + IF(Calc!$G$2 = "", 0, --ISNUMBER(SEARCH(" " & Calc!$G$2 & " ", tblDocuments[[#This Row],[Boost Key]]))) + IF(Calc!$H$2 = "", 0, --ISNUMBER(SEARCH(" " & Calc!$H$2 & " ", tblDocuments[[#This Row],[Boost Key]]))) + IF(Calc!$I$2 = "", 0, --ISNUMBER(SEARCH(" " & Calc!$I$2 & " ", tblDocuments[[#This Row],[Boost Key]]))) + IF(Calc!$J$2 = "", 0, --ISNUMBER(SEARCH(" " & Calc!$J$2 & " ", tblDocuments[[#This Row],[Boost Key]]))) + IF(Calc!$K$2 = "", 0, --ISNUMBER(SEARCH(" " & Calc!$K$2 & " ", tblDocuments[[#This Row],[Boost Key]])))) * 4 + (IF(Calc!$D$2 = "", 0, --ISNUMBER(SEARCH(Calc!$D$2, tblDocuments[[#This Row],[Boost Key]]))) + IF(Calc!$E$2 = "", 0, --ISNUMBER(SEARCH(Calc!$E$2, tblDocuments[[#This Row],[Boost Key]]))) + IF(Calc!$F$2 = "", 0, --ISNUMBER(SEARCH(Calc!$F$2, tblDocuments[[#This Row],[Boost Key]]))) + IF(Calc!$G$2 = "", 0, --ISNUMBER(SEARCH(Calc!$G$2, tblDocuments[[#This Row],[Boost Key]]))) + IF(Calc!$H$2 = "", 0, --ISNUMBER(SEARCH(Calc!$H$2, tblDocuments[[#This Row],[Boost Key]]))) + IF(Calc!$I$2 = "", 0, --ISNUMBER(SEARCH(Calc!$I$2, tblDocuments[[#This Row],[Boost Key]]))) + IF(Calc!$J$2 = "", 0, --ISNUMBER(SEARCH(Calc!$J$2, tblDocuments[[#This Row],[Boost Key]]))) + IF(Calc!$K$2 = "", 0, --ISNUMBER(SEARCH(Calc!$K$2, tblDocuments[[#This Row],[Boost Key]])))) * 3 + tblDocuments[[#This Row],[Hits]] * 2 -> 0 | M14: =IF(ScopeOverride = 1, 1, tblDocuments[[#This Row],[Visible]] * --(((TRIM(SelScope & "") = "") + (TRIM(SelScope & "") = "All") + (tblDocuments[[#This Row],[Scope Group]] = TRIM(SelScope & ""))) > 0)) -> 1 | N14: =IF(tblDocuments[[#This Row],[In Scope]] * IF(TermCount = 0, 1, IF(BestHits > 0, --(tblDocuments[[#This Row],[Hits]] = BestHits), 0)) = 1, tblDocuments[[#This Row],[Score]] * 2000000 + (2000000 - ROW()), -1) -> 1999986 | O14: =IF(TRIM(tblDocuments[[#This Row],[Document Name]] & "") = "", "(untitled document)", TRIM(tblDocuments[[#This Row],[Document Name]] & "")) & IF(LEFT(LOWER(TRIM(tblDocuments[[#This Row],[Document Link]] & "")), 4) = "http", "", " (no link)") -> Design Document Template | P14: =IF(LEFT(LOWER(TRIM(tblDocuments[[#This Row],[Document Link]] & "")), 4) = "http", TRIM(tblDocuments[[#This Row],[Document Link]] & ""), "") -> https://contoso.sharepoint.com/sites/AVSProgram/Shared%20Documents/Design/Design-Document-Template.docx
A15: Design | B15: Report | C15: AVS Well Architected Review Findings | D15: https://contoso.sharepoint.com/sites/AVSProgram/Shared%20Documents/Design/AVS-Well-Architected-Review-Findings.pdf | E15: Findings and prioritised recommendations from the Well Architected Framework review of the AVS platform. | F15: WAF, well architected, review, findings, recommendations | G15: =IF(TRIM(tblDocuments[[#This Row],[Scope]] & "") = "", "(Unspecified)", TRIM(tblDocuments[[#This Row],[Scope]] & "")) -> Design | H15: =SUBTOTAL(103, tblDocuments[[#This Row],[Scope Group]]) -> 1 | I15: =" "&TRIM(SUBSTITUTE(SUBSTITUTE(SUBSTITUTE(SUBSTITUTE(SUBSTITUTE(SUBSTITUTE(SUBSTITUTE(SUBSTITUTE(SUBSTITUTE(SUBSTITUTE(SUBSTITUTE(SUBSTITUTE(SUBSTITUTE(SUBSTITUTE(SUBSTITUTE(SUBSTITUTE(SUBSTITUTE(SUBSTITUTE(SUBSTITUTE(SUBSTITUTE(SUBSTITUTE(SUBSTITUTE(SUBSTITUTE(SUBSTITUTE(SUBSTITUTE(SUBSTITUTE(SUBSTITUTE(SUBSTITUTE(SUBSTITUTE(SUBSTITUTE(SUBSTITUTE(SUBSTITUTE(LOWER(tblDocuments[[#This Row],[Scope]] & " " & tblDocuments[[#This Row],[Document Type]] & " " & tblDocuments[[#This Row],[Document Name]] & " " & tblDocuments[[#This Row],[Description]] & " " & tblDocuments[[#This Row],[Keywords]]),","," "),";"," "),"/"," "),"\"," "),"-"," "),"_"," "),"("," "),")"," "),"["," "),"]"," "),"{"," "),"}"," "),"."," "),":"," "),"'"," "),"|"," "),"+"," "),"&"," "),"*"," "),"?"," "),"~"," "),"#"," "),"!"," "),"@"," "),"<"," "),">"," "),"="," "),CHAR(34)," "),CHAR(9)," "),CHAR(10)," "),CHAR(13)," "),CHAR(160)," "))&" " -> design report avs well architected review findings findings and prioritised recommendations from the well architected framework review of the avs platform waf well architected review findings recommendations | J15: =" "&TRIM(SUBSTITUTE(SUBSTITUTE(SUBSTITUTE(SUBSTITUTE(SUBSTITUTE(SUBSTITUTE(SUBSTITUTE(SUBSTITUTE(SUBSTITUTE(SUBSTITUTE(SUBSTITUTE(SUBSTITUTE(SUBSTITUTE(SUBSTITUTE(SUBSTITUTE(SUBSTITUTE(SUBSTITUTE(SUBSTITUTE(SUBSTITUTE(SUBSTITUTE(SUBSTITUTE(SUBSTITUTE(SUBSTITUTE(SUBSTITUTE(SUBSTITUTE(SUBSTITUTE(SUBSTITUTE(SUBSTITUTE(SUBSTITUTE(SUBSTITUTE(SUBSTITUTE(SUBSTITUTE(LOWER(tblDocuments[[#This Row],[Document Name]] & " " & tblDocuments[[#This Row],[Keywords]] & " " & tblDocuments[[#This Row],[Document Type]] & " " & tblDocuments[[#This Row],[Scope]]),","," "),";"," "),"/"," "),"\"," "),"-"," "),"_"," "),"("," "),")"," "),"["," "),"]"," "),"{"," "),"}"," "),"."," "),":"," "),"'"," "),"|"," "),"+"," "),"&"," "),"*"," "),"?"," "),"~"," "),"#"," "),"!"," "),"@"," "),"<"," "),">"," "),"="," "),CHAR(34)," "),CHAR(9)," "),CHAR(10)," "),CHAR(13)," "),CHAR(160)," "))&" " -> avs well architected review findings waf well architected review findings recommendations report design | K15: =(IF(Calc!$D$2 = "", 0, --ISNUMBER(SEARCH(Calc!$D$2, tblDocuments[[#This Row],[Search Key]]))) + IF(Calc!$E$2 = "", 0, --ISNUMBER(SEARCH(Calc!$E$2, tblDocuments[[#This Row],[Search Key]]))) + IF(Calc!$F$2 = "", 0, --ISNUMBER(SEARCH(Calc!$F$2, tblDocuments[[#This Row],[Search Key]]))) + IF(Calc!$G$2 = "", 0, --ISNUMBER(SEARCH(Calc!$G$2, tblDocuments[[#This Row],[Search Key]]))) + IF(Calc!$H$2 = "", 0, --ISNUMBER(SEARCH(Calc!$H$2, tblDocuments[[#This Row],[Search Key]]))) + IF(Calc!$I$2 = "", 0, --ISNUMBER(SEARCH(Calc!$I$2, tblDocuments[[#This Row],[Search Key]]))) + IF(Calc!$J$2 = "", 0, --ISNUMBER(SEARCH(Calc!$J$2, tblDocuments[[#This Row],[Search Key]]))) + IF(Calc!$K$2 = "", 0, --ISNUMBER(SEARCH(Calc!$K$2, tblDocuments[[#This Row],[Search Key]])))) -> 0 | L15: =IF(TermCount < 2, 0, --ISNUMBER(SEARCH(Calc!$B$3, tblDocuments[[#This Row],[Search Key]]))) * 10 + (IF(Calc!$D$2 = "", 0, --ISNUMBER(SEARCH(" " & Calc!$D$2 & " ", tblDocuments[[#This Row],[Boost Key]]))) + IF(Calc!$E$2 = "", 0, --ISNUMBER(SEARCH(" " & Calc!$E$2 & " ", tblDocuments[[#This Row],[Boost Key]]))) + IF(Calc!$F$2 = "", 0, --ISNUMBER(SEARCH(" " & Calc!$F$2 & " ", tblDocuments[[#This Row],[Boost Key]]))) + IF(Calc!$G$2 = "", 0, --ISNUMBER(SEARCH(" " & Calc!$G$2 & " ", tblDocuments[[#This Row],[Boost Key]]))) + IF(Calc!$H$2 = "", 0, --ISNUMBER(SEARCH(" " & Calc!$H$2 & " ", tblDocuments[[#This Row],[Boost Key]]))) + IF(Calc!$I$2 = "", 0, --ISNUMBER(SEARCH(" " & Calc!$I$2 & " ", tblDocuments[[#This Row],[Boost Key]]))) + IF(Calc!$J$2 = "", 0, --ISNUMBER(SEARCH(" " & Calc!$J$2 & " ", tblDocuments[[#This Row],[Boost Key]]))) + IF(Calc!$K$2 = "", 0, --ISNUMBER(SEARCH(" " & Calc!$K$2 & " ", tblDocuments[[#This Row],[Boost Key]])))) * 4 + (IF(Calc!$D$2 = "", 0, --ISNUMBER(SEARCH(Calc!$D$2, tblDocuments[[#This Row],[Boost Key]]))) + IF(Calc!$E$2 = "", 0, --ISNUMBER(SEARCH(Calc!$E$2, tblDocuments[[#This Row],[Boost Key]]))) + IF(Calc!$F$2 = "", 0, --ISNUMBER(SEARCH(Calc!$F$2, tblDocuments[[#This Row],[Boost Key]]))) + IF(Calc!$G$2 = "", 0, --ISNUMBER(SEARCH(Calc!$G$2, tblDocuments[[#This Row],[Boost Key]]))) + IF(Calc!$H$2 = "", 0, --ISNUMBER(SEARCH(Calc!$H$2, tblDocuments[[#This Row],[Boost Key]]))) + IF(Calc!$I$2 = "", 0, --ISNUMBER(SEARCH(Calc!$I$2, tblDocuments[[#This Row],[Boost Key]]))) + IF(Calc!$J$2 = "", 0, --ISNUMBER(SEARCH(Calc!$J$2, tblDocuments[[#This Row],[Boost Key]]))) + IF(Calc!$K$2 = "", 0, --ISNUMBER(SEARCH(Calc!$K$2, tblDocuments[[#This Row],[Boost Key]])))) * 3 + tblDocuments[[#This Row],[Hits]] * 2 -> 0 | M15: =IF(ScopeOverride = 1, 1, tblDocuments[[#This Row],[Visible]] * --(((TRIM(SelScope & "") = "") + (TRIM(SelScope & "") = "All") + (tblDocuments[[#This Row],[Scope Group]] = TRIM(SelScope & ""))) > 0)) -> 1 | N15: =IF(tblDocuments[[#This Row],[In Scope]] * IF(TermCount = 0, 1, IF(BestHits > 0, --(tblDocuments[[#This Row],[Hits]] = BestHits), 0)) = 1, tblDocuments[[#This Row],[Score]] * 2000000 + (2000000 - ROW()), -1) -> 1999985 | O15: =IF(TRIM(tblDocuments[[#This Row],[Document Name]] & "") = "", "(untitled document)", TRIM(tblDocuments[[#This Row],[Document Name]] & "")) & IF(LEFT(LOWER(TRIM(tblDocuments[[#This Row],[Document Link]] & "")), 4) = "http", "", " (no link)") -> AVS Well Architected Review Findings | P15: =IF(LEFT(LOWER(TRIM(tblDocuments[[#This Row],[Document Link]] & "")), 4) = "http", TRIM(tblDocuments[[#This Row],[Document Link]] & ""), "") -> https://contoso.sharepoint.com/sites/AVSProgram/Shared%20Documents/Design/AVS-Well-Architected-Review-Findings.pdf
A16: Migration | B16: Strategy | C16: AVS Migration Strategy and Approach | D16: https://contoso.sharepoint.com/sites/AVSProgram/Shared%20Documents/Migration/AVS-Migration-Strategy-and-Approach.docx | E16: Overall migration strategy covering wave planning, the 6R disposition model and the cutover governance model. | F16: migration, strategy, waves, 6R, disposition, cutover | G16: =IF(TRIM(tblDocuments[[#This Row],[Scope]] & "") = "", "(Unspecified)", TRIM(tblDocuments[[#This Row],[Scope]] & "")) -> Migration | H16: =SUBTOTAL(103, tblDocuments[[#This Row],[Scope Group]]) -> 1 | I16: =" "&TRIM(SUBSTITUTE(SUBSTITUTE(SUBSTITUTE(SUBSTITUTE(SUBSTITUTE(SUBSTITUTE(SUBSTITUTE(SUBSTITUTE(SUBSTITUTE(SUBSTITUTE(SUBSTITUTE(SUBSTITUTE(SUBSTITUTE(SUBSTITUTE(SUBSTITUTE(SUBSTITUTE(SUBSTITUTE(SUBSTITUTE(SUBSTITUTE(SUBSTITUTE(SUBSTITUTE(SUBSTITUTE(SUBSTITUTE(SUBSTITUTE(SUBSTITUTE(SUBSTITUTE(SUBSTITUTE(SUBSTITUTE(SUBSTITUTE(SUBSTITUTE(SUBSTITUTE(SUBSTITUTE(LOWER(tblDocuments[[#This Row],[Scope]] & " " & tblDocuments[[#This Row],[Document Type]] & " " & tblDocuments[[#This Row],[Document Name]] & " " & tblDocuments[[#This Row],[Description]] & " " & tblDocuments[[#This Row],[Keywords]]),","," "),";"," "),"/"," "),"\"," "),"-"," "),"_"," "),"("," "),")"," "),"["," "),"]"," "),"{"," "),"}"," "),"."," "),":"," "),"'"," "),"|"," "),"+"," "),"&"," "),"*"," "),"?"," "),"~"," "),"#"," "),"!"," "),"@"," "),"<"," "),">"," "),"="," "),CHAR(34)," "),CHAR(9)," "),CHAR(10)," "),CHAR(13)," "),CHAR(160)," "))&" " -> migration strategy avs migration strategy and approach overall migration strategy covering wave planning the 6r disposition model and the cutover governance model migration strategy waves 6r disposition cutover | J16: =" "&TRIM(SUBSTITUTE(SUBSTITUTE(SUBSTITUTE(SUBSTITUTE(SUBSTITUTE(SUBSTITUTE(SUBSTITUTE(SUBSTITUTE(SUBSTITUTE(SUBSTITUTE(SUBSTITUTE(SUBSTITUTE(SUBSTITUTE(SUBSTITUTE(SUBSTITUTE(SUBSTITUTE(SUBSTITUTE(SUBSTITUTE(SUBSTITUTE(SUBSTITUTE(SUBSTITUTE(SUBSTITUTE(SUBSTITUTE(SUBSTITUTE(SUBSTITUTE(SUBSTITUTE(SUBSTITUTE(SUBSTITUTE(SUBSTITUTE(SUBSTITUTE(SUBSTITUTE(SUBSTITUTE(LOWER(tblDocuments[[#This Row],[Document Name]] & " " & tblDocuments[[#This Row],[Keywords]] & " " & tblDocuments[[#This Row],[Document Type]] & " " & tblDocuments[[#This Row],[Scope]]),","," "),";"," "),"/"," "),"\"," "),"-"," "),"_"," "),"("," "),")"," "),"["," "),"]"," "),"{"," "),"}"," "),"."," "),":"," "),"'"," "),"|"," "),"+"," "),"&"," "),"*"," "),"?"," "),"~"," "),"#"," "),"!"," "),"@"," "),"<"," "),">"," "),"="," "),CHAR(34)," "),CHAR(9)," "),CHAR(10)," "),CHAR(13)," "),CHAR(160)," "))&" " -> avs migration strategy and approach migration strategy waves 6r disposition cutover strategy migration | K16: =(IF(Calc!$D$2 = "", 0, --ISNUMBER(SEARCH(Calc!$D$2, tblDocuments[[#This Row],[Search Key]]))) + IF(Calc!$E$2 = "", 0, --ISNUMBER(SEARCH(Calc!$E$2, tblDocuments[[#This Row],[Search Key]]))) + IF(Calc!$F$2 = "", 0, --ISNUMBER(SEARCH(Calc!$F$2, tblDocuments[[#This Row],[Search Key]]))) + IF(Calc!$G$2 = "", 0, --ISNUMBER(SEARCH(Calc!$G$2, tblDocuments[[#This Row],[Search Key]]))) + IF(Calc!$H$2 = "", 0, --ISNUMBER(SEARCH(Calc!$H$2, tblDocuments[[#This Row],[Search Key]]))) + IF(Calc!$I$2 = "", 0, --ISNUMBER(SEARCH(Calc!$I$2, tblDocuments[[#This Row],[Search Key]]))) + IF(Calc!$J$2 = "", 0, --ISNUMBER(SEARCH(Calc!$J$2, tblDocuments[[#This Row],[Search Key]]))) + IF(Calc!$K$2 = "", 0, --ISNUMBER(SEARCH(Calc!$K$2, tblDocuments[[#This Row],[Search Key]])))) -> 0 | L16: =IF(TermCount < 2, 0, --ISNUMBER(SEARCH(Calc!$B$3, tblDocuments[[#This Row],[Search Key]]))) * 10 + (IF(Calc!$D$2 = "", 0, --ISNUMBER(SEARCH(" " & Calc!$D$2 & " ", tblDocuments[[#This Row],[Boost Key]]))) + IF(Calc!$E$2 = "", 0, --ISNUMBER(SEARCH(" " & Calc!$E$2 & " ", tblDocuments[[#This Row],[Boost Key]]))) + IF(Calc!$F$2 = "", 0, --ISNUMBER(SEARCH(" " & Calc!$F$2 & " ", tblDocuments[[#This Row],[Boost Key]]))) + IF(Calc!$G$2 = "", 0, --ISNUMBER(SEARCH(" " & Calc!$G$2 & " ", tblDocuments[[#This Row],[Boost Key]]))) + IF(Calc!$H$2 = "", 0, --ISNUMBER(SEARCH(" " & Calc!$H$2 & " ", tblDocuments[[#This Row],[Boost Key]]))) + IF(Calc!$I$2 = "", 0, --ISNUMBER(SEARCH(" " & Calc!$I$2 & " ", tblDocuments[[#This Row],[Boost Key]]))) + IF(Calc!$J$2 = "", 0, --ISNUMBER(SEARCH(" " & Calc!$J$2 & " ", tblDocuments[[#This Row],[Boost Key]]))) + IF(Calc!$K$2 = "", 0, --ISNUMBER(SEARCH(" " & Calc!$K$2 & " ", tblDocuments[[#This Row],[Boost Key]])))) * 4 + (IF(Calc!$D$2 = "", 0, --ISNUMBER(SEARCH(Calc!$D$2, tblDocuments[[#This Row],[Boost Key]]))) + IF(Calc!$E$2 = "", 0, --ISNUMBER(SEARCH(Calc!$E$2, tblDocuments[[#This Row],[Boost Key]]))) + IF(Calc!$F$2 = "", 0, --ISNUMBER(SEARCH(Calc!$F$2, tblDocuments[[#This Row],[Boost Key]]))) + IF(Calc!$G$2 = "", 0, --ISNUMBER(SEARCH(Calc!$G$2, tblDocuments[[#This Row],[Boost Key]]))) + IF(Calc!$H$2 = "", 0, --ISNUMBER(SEARCH(Calc!$H$2, tblDocuments[[#This Row],[Boost Key]]))) + IF(Calc!$I$2 = "", 0, --ISNUMBER(SEARCH(Calc!$I$2, tblDocuments[[#This Row],[Boost Key]]))) + IF(Calc!$J$2 = "", 0, --ISNUMBER(SEARCH(Calc!$J$2, tblDocuments[[#This Row],[Boost Key]]))) + IF(Calc!$K$2 = "", 0, --ISNUMBER(SEARCH(Calc!$K$2, tblDocuments[[#This Row],[Boost Key]])))) * 3 + tblDocuments[[#This Row],[Hits]] * 2 -> 0 | M16: =IF(ScopeOverride = 1, 1, tblDocuments[[#This Row],[Visible]] * --(((TRIM(SelScope & "") = "") + (TRIM(SelScope & "") = "All") + (tblDocuments[[#This Row],[Scope Group]] = TRIM(SelScope & ""))) > 0)) -> 1 | N16: =IF(tblDocuments[[#This Row],[In Scope]] * IF(TermCount = 0, 1, IF(BestHits > 0, --(tblDocuments[[#This Row],[Hits]] = BestHits), 0)) = 1, tblDocuments[[#This Row],[Score]] * 2000000 + (2000000 - ROW()), -1) -> 1999984 | O16: =IF(TRIM(tblDocuments[[#This Row],[Document Name]] & "") = "", "(untitled document)", TRIM(tblDocuments[[#This Row],[Document Name]] & "")) & IF(LEFT(LOWER(TRIM(tblDocuments[[#This Row],[Document Link]] & "")), 4) = "http", "", " (no link)") -> AVS Migration Strategy and Approach | P16: =IF(LEFT(LOWER(TRIM(tblDocuments[[#This Row],[Document Link]] & "")), 4) = "http", TRIM(tblDocuments[[#This Row],[Document Link]] & ""), "") -> https://contoso.sharepoint.com/sites/AVSProgram/Shared%20Documents/Migration/AVS-Migration-Strategy-and-Approach.docx
... A105: Training | B105: Guide | C105: Glossary of AVS and VMware Terminology | D105: https://contoso.sharepoint.com/sites/AVSProgram/Shared%20Documents/Training/Glossary-of-AVS-and-VMware-Terminology.docx | E105: Glossary of acronyms and terminology used across the AVS programme documentation set. | F105: glossary, terminology, acronyms, definitions, reference | G105: =IF(TRIM(tblDocuments[[#This Row],[Scope]] & "") = "", "(Unspecified)", TRIM(tblDocuments[[#This Row],[Scope]] & "")) -> Training | H105: =SUBTOTAL(103, tblDocuments[[#This Row],[Scope Group]]) -> 1 | I105: =" "&TRIM(SUBSTITUTE(SUBSTITUTE(SUBSTITUTE(SUBSTITUTE(SUBSTITUTE(SUBSTITUTE(SUBSTITUTE(SUBSTITUTE(SUBSTITUTE(SUBSTITUTE(SUBSTITUTE(SUBSTITUTE(SUBSTITUTE(SUBSTITUTE(SUBSTITUTE(SUBSTITUTE(SUBSTITUTE(SUBSTITUTE(SUBSTITUTE(SUBSTITUTE(SUBSTITUTE(SUBSTITUTE(SUBSTITUTE(SUBSTITUTE(SUBSTITUTE(SUBSTITUTE(SUBSTITUTE(SUBSTITUTE(SUBSTITUTE(SUBSTITUTE(SUBSTITUTE(SUBSTITUTE(LOWER(tblDocuments[[#This Row],[Scope]] & " " & tblDocuments[[#This Row],[Document Type]] & " " & tblDocuments[[#This Row],[Document Name]] & " " & tblDocuments[[#This Row],[Description]] & " " & tblDocuments[[#This Row],[Keywords]]),","," "),";"," "),"/"," "),"\"," "),"-"," "),"_"," "),"("," "),")"," "),"["," "),"]"," "),"{"," "),"}"," "),"."," "),":"," "),"'"," "),"|"," "),"+"," "),"&"," "),"*"," "),"?"," "),"~"," "),"#"," "),"!"," "),"@"," "),"<"," "),">"," "),"="," "),CHAR(34)," "),CHAR(9)," "),CHAR(10)," "),CHAR(13)," "),CHAR(160)," "))&" " -> training guide glossary of avs and vmware terminology glossary of acronyms and terminology used across the avs programme documentation set glossary terminology acronyms definitions reference | J105: =" "&TRIM(SUBSTITUTE(SUBSTITUTE(SUBSTITUTE(SUBSTITUTE(SUBSTITUTE(SUBSTITUTE(SUBSTITUTE(SUBSTITUTE(SUBSTITUTE(SUBSTITUTE(SUBSTITUTE(SUBSTITUTE(SUBSTITUTE(SUBSTITUTE(SUBSTITUTE(SUBSTITUTE(SUBSTITUTE(SUBSTITUTE(SUBSTITUTE(SUBSTITUTE(SUBSTITUTE(SUBSTITUTE(SUBSTITUTE(SUBSTITUTE(SUBSTITUTE(SUBSTITUTE(SUBSTITUTE(SUBSTITUTE(SUBSTITUTE(SUBSTITUTE(SUBSTITUTE(SUBSTITUTE(LOWER(tblDocuments[[#This Row],[Document Name]] & " " & tblDocuments[[#This Row],[Keywords]] & " " & tblDocuments[[#This Row],[Document Type]] & " " & tblDocuments[[#This Row],[Scope]]),","," "),";"," "),"/"," "),"\"," "),"-"," "),"_"," "),"("," "),")"," "),"["," "),"]"," "),"{"," "),"}"," "),"."," "),":"," "),"'"," "),"|"," "),"+"," "),"&"," "),"*"," "),"?"," "),"~"," "),"#"," "),"!"," "),"@"," "),"<"," "),">"," "),"="," "),CHAR(34)," "),CHAR(9)," "),CHAR(10)," "),CHAR(13)," "),CHAR(160)," "))&" " -> glossary of avs and vmware terminology glossary terminology acronyms definitions reference guide training | K105: =(IF(Calc!$D$2 = "", 0, --ISNUMBER(SEARCH(Calc!$D$2, tblDocuments[[#This Row],[Search Key]]))) + IF(Calc!$E$2 = "", 0, --ISNUMBER(SEARCH(Calc!$E$2, tblDocuments[[#This Row],[Search Key]]))) + IF(Calc!$F$2 = "", 0, --ISNUMBER(SEARCH(Calc!$F$2, tblDocuments[[#This Row],[Search Key]]))) + IF(Calc!$G$2 = "", 0, --ISNUMBER(SEARCH(Calc!$G$2, tblDocuments[[#This Row],[Search Key]]))) + IF(Calc!$H$2 = "", 0, --ISNUMBER(SEARCH(Calc!$H$2, tblDocuments[[#This Row],[Search Key]]))) + IF(Calc!$I$2 = "", 0, --ISNUMBER(SEARCH(Calc!$I$2, tblDocuments[[#This Row],[Search Key]]))) + IF(Calc!$J$2 = "", 0, --ISNUMBER(SEARCH(Calc!$J$2, tblDocuments[[#This Row],[Search Key]]))) + IF(Calc!$K$2 = "", 0, --ISNUMBER(SEARCH(Calc!$K$2, tblDocuments[[#This Row],[Search Key]])))) -> 0 | L105: =IF(TermCount < 2, 0, --ISNUMBER(SEARCH(Calc!$B$3, tblDocuments[[#This Row],[Search Key]]))) * 10 + (IF(Calc!$D$2 = "", 0, --ISNUMBER(SEARCH(" " & Calc!$D$2 & " ", tblDocuments[[#This Row],[Boost Key]]))) + IF(Calc!$E$2 = "", 0, --ISNUMBER(SEARCH(" " & Calc!$E$2 & " ", tblDocuments[[#This Row],[Boost Key]]))) + IF(Calc!$F$2 = "", 0, --ISNUMBER(SEARCH(" " & Calc!$F$2 & " ", tblDocuments[[#This Row],[Boost Key]]))) + IF(Calc!$G$2 = "", 0, --ISNUMBER(SEARCH(" " & Calc!$G$2 & " ", tblDocuments[[#This Row],[Boost Key]]))) + IF(Calc!$H$2 = "", 0, --ISNUMBER(SEARCH(" " & Calc!$H$2 & " ", tblDocuments[[#This Row],[Boost Key]]))) + IF(Calc!$I$2 = "", 0, --ISNUMBER(SEARCH(" " & Calc!$I$2 & " ", tblDocuments[[#This Row],[Boost Key]]))) + IF(Calc!$J$2 = "", 0, --ISNUMBER(SEARCH(" " & Calc!$J$2 & " ", tblDocuments[[#This Row],[Boost Key]]))) + IF(Calc!$K$2 = "", 0, --ISNUMBER(SEARCH(" " & Calc!$K$2 & " ", tblDocuments[[#This Row],[Boost Key]])))) * 4 + (IF(Calc!$D$2 = "", 0, --ISNUMBER(SEARCH(Calc!$D$2, tblDocuments[[#This Row],[Boost Key]]))) + IF(Calc!$E$2 = "", 0, --ISNUMBER(SEARCH(Calc!$E$2, tblDocuments[[#This Row],[Boost Key]]))) + IF(Calc!$F$2 = "", 0, --ISNUMBER(SEARCH(Calc!$F$2, tblDocuments[[#This Row],[Boost Key]]))) + IF(Calc!$G$2 = "", 0, --ISNUMBER(SEARCH(Calc!$G$2, tblDocuments[[#This Row],[Boost Key]]))) + IF(Calc!$H$2 = "", 0, --ISNUMBER(SEARCH(Calc!$H$2, tblDocuments[[#This Row],[Boost Key]]))) + IF(Calc!$I$2 = "", 0, --ISNUMBER(SEARCH(Calc!$I$2, tblDocuments[[#This Row],[Boost Key]]))) + IF(Calc!$J$2 = "", 0, --ISNUMBER(SEARCH(Calc!$J$2, tblDocuments[[#This Row],[Boost Key]]))) + IF(Calc!$K$2 = "", 0, --ISNUMBER(SEARCH(Calc!$K$2, tblDocuments[[#This Row],[Boost Key]])))) * 3 + tblDocuments[[#This Row],[Hits]] * 2 -> 0 | M105: =IF(ScopeOverride = 1, 1, tblDocuments[[#This Row],[Visible]] * --(((TRIM(SelScope & "") = "") + (TRIM(SelScope & "") = "All") + (tblDocuments[[#This Row],[Scope Group]] = TRIM(SelScope & ""))) > 0)) -> 1 | N105: =IF(tblDocuments[[#This Row],[In Scope]] * IF(TermCount = 0, 1, IF(BestHits > 0, --(tblDocuments[[#This Row],[Hits]] = BestHits), 0)) = 1, tblDocuments[[#This Row],[Score]] * 2000000 + (2000000 - ROW()), -1) -> 1999895 | O105: =IF(TRIM(tblDocuments[[#This Row],[Document Name]] & "") = "", "(untitled document)", TRIM(tblDocuments[[#This Row],[Document Name]] & "")) & IF(LEFT(LOWER(TRIM(tblDocuments[[#This Row],[Document Link]] & "")), 4) = "http", "", " (no link)") -> Glossary of AVS and VMware Terminology | P105: =IF(LEFT(LOWER(TRIM(tblDocuments[[#This Row],[Document Link]] & "")), 4) = "http", TRIM(tblDocuments[[#This Row],[Document Link]] & ""), "") -> https://contoso.sharepoint.com/sites/AVSProgram/Shared%20Documents/Training/Glossary-of-AVS-and-VMware-Terminology.docx
B106: Guide | C106: Unfiled Legacy Platform Notes | D106: https://contoso.sharepoint.com/sites/AVSProgram/Shared%20Documents/Unfiled/Unfiled-Legacy-Platform-Notes.docx | E106: Historic notes inherited from the legacy platform team that have not yet been assigned to a scope. | F106: legacy, unfiled, notes, historic | G106: =IF(TRIM(tblDocuments[[#This Row],[Scope]] & "") = "", "(Unspecified)", TRIM(tblDocuments[[#This Row],[Scope]] & "")) -> (Unspecified) | H106: =SUBTOTAL(103, tblDocuments[[#This Row],[Scope Group]]) -> 1 | I106: =" "&TRIM(SUBSTITUTE(SUBSTITUTE(SUBSTITUTE(SUBSTITUTE(SUBSTITUTE(SUBSTITUTE(SUBSTITUTE(SUBSTITUTE(SUBSTITUTE(SUBSTITUTE(SUBSTITUTE(SUBSTITUTE(SUBSTITUTE(SUBSTITUTE(SUBSTITUTE(SUBSTITUTE(SUBSTITUTE(SUBSTITUTE(SUBSTITUTE(SUBSTITUTE(SUBSTITUTE(SUBSTITUTE(SUBSTITUTE(SUBSTITUTE(SUBSTITUTE(SUBSTITUTE(SUBSTITUTE(SUBSTITUTE(SUBSTITUTE(SUBSTITUTE(SUBSTITUTE(SUBSTITUTE(LOWER(tblDocuments[[#This Row],[Scope]] & " " & tblDocuments[[#This Row],[Document Type]] & " " & tblDocuments[[#This Row],[Document Name]] & " " & tblDocuments[[#This Row],[Description]] & " " & tblDocuments[[#This Row],[Keywords]]),","," "),";"," "),"/"," "),"\"," "),"-"," "),"_"," "),"("," "),")"," "),"["," "),"]"," "),"{"," "),"}"," "),"."," "),":"," "),"'"," "),"|"," "),"+"," "),"&"," "),"*"," "),"?"," "),"~"," "),"#"," "),"!"," "),"@"," "),"<"," "),">"," "),"="," "),CHAR(34)," "),CHAR(9)," "),CHAR(10)," "),CHAR(13)," "),CHAR(160)," "))&" " -> guide unfiled legacy platform notes historic notes inherited from the legacy platform team that have not yet been assigned to a scope legacy unfiled notes historic | J106: =" "&TRIM(SUBSTITUTE(SUBSTITUTE(SUBSTITUTE(SUBSTITUTE(SUBSTITUTE(SUBSTITUTE(SUBSTITUTE(SUBSTITUTE(SUBSTITUTE(SUBSTITUTE(SUBSTITUTE(SUBSTITUTE(SUBSTITUTE(SUBSTITUTE(SUBSTITUTE(SUBSTITUTE(SUBSTITUTE(SUBSTITUTE(SUBSTITUTE(SUBSTITUTE(SUBSTITUTE(SUBSTITUTE(SUBSTITUTE(SUBSTITUTE(SUBSTITUTE(SUBSTITUTE(SUBSTITUTE(SUBSTITUTE(SUBSTITUTE(SUBSTITUTE(SUBSTITUTE(SUBSTITUTE(LOWER(tblDocuments[[#This Row],[Document Name]] & " " & tblDocuments[[#This Row],[Keywords]] & " " & tblDocuments[[#This Row],[Document Type]] & " " & tblDocuments[[#This Row],[Scope]]),","," "),";"," "),"/"," "),"\"," "),"-"," "),"_"," "),"("," "),")"," "),"["," "),"]"," "),"{"," "),"}"," "),"."," "),":"," "),"'"," "),"|"," "),"+"," "),"&"," "),"*"," "),"?"," "),"~"," "),"#"," "),"!"," "),"@"," "),"<"," "),">"," "),"="," "),CHAR(34)," "),CHAR(9)," "),CHAR(10)," "),CHAR(13)," "),CHAR(160)," "))&" " -> unfiled legacy platform notes legacy unfiled notes historic guide | K106: =(IF(Calc!$D$2 = "", 0, --ISNUMBER(SEARCH(Calc!$D$2, tblDocuments[[#This Row],[Search Key]]))) + IF(Calc!$E$2 = "", 0, --ISNUMBER(SEARCH(Calc!$E$2, tblDocuments[[#This Row],[Search Key]]))) + IF(Calc!$F$2 = "", 0, --ISNUMBER(SEARCH(Calc!$F$2, tblDocuments[[#This Row],[Search Key]]))) + IF(Calc!$G$2 = "", 0, --ISNUMBER(SEARCH(Calc!$G$2, tblDocuments[[#This Row],[Search Key]]))) + IF(Calc!$H$2 = "", 0, --ISNUMBER(SEARCH(Calc!$H$2, tblDocuments[[#This Row],[Search Key]]))) + IF(Calc!$I$2 = "", 0, --ISNUMBER(SEARCH(Calc!$I$2, tblDocuments[[#This Row],[Search Key]]))) + IF(Calc!$J$2 = "", 0, --ISNUMBER(SEARCH(Calc!$J$2, tblDocuments[[#This Row],[Search Key]]))) + IF(Calc!$K$2 = "", 0, --ISNUMBER(SEARCH(Calc!$K$2, tblDocuments[[#This Row],[Search Key]])))) -> 0 | L106: =IF(TermCount < 2, 0, --ISNUMBER(SEARCH(Calc!$B$3, tblDocuments[[#This Row],[Search Key]]))) * 10 + (IF(Calc!$D$2 = "", 0, --ISNUMBER(SEARCH(" " & Calc!$D$2 & " ", tblDocuments[[#This Row],[Boost Key]]))) + IF(Calc!$E$2 = "", 0, --ISNUMBER(SEARCH(" " & Calc!$E$2 & " ", tblDocuments[[#This Row],[Boost Key]]))) + IF(Calc!$F$2 = "", 0, --ISNUMBER(SEARCH(" " & Calc!$F$2 & " ", tblDocuments[[#This Row],[Boost Key]]))) + IF(Calc!$G$2 = "", 0, --ISNUMBER(SEARCH(" " & Calc!$G$2 & " ", tblDocuments[[#This Row],[Boost Key]]))) + IF(Calc!$H$2 = "", 0, --ISNUMBER(SEARCH(" " & Calc!$H$2 & " ", tblDocuments[[#This Row],[Boost Key]]))) + IF(Calc!$I$2 = "", 0, --ISNUMBER(SEARCH(" " & Calc!$I$2 & " ", tblDocuments[[#This Row],[Boost Key]]))) + IF(Calc!$J$2 = "", 0, --ISNUMBER(SEARCH(" " & Calc!$J$2 & " ", tblDocuments[[#This Row],[Boost Key]]))) + IF(Calc!$K$2 = "", 0, --ISNUMBER(SEARCH(" " & Calc!$K$2 & " ", tblDocuments[[#This Row],[Boost Key]])))) * 4 + (IF(Calc!$D$2 = "", 0, --ISNUMBER(SEARCH(Calc!$D$2, tblDocuments[[#This Row],[Boost Key]]))) + IF(Calc!$E$2 = "", 0, --ISNUMBER(SEARCH(Calc!$E$2, tblDocuments[[#This Row],[Boost Key]]))) + IF(Calc!$F$2 = "", 0, --ISNUMBER(SEARCH(Calc!$F$2, tblDocuments[[#This Row],[Boost Key]]))) + IF(Calc!$G$2 = "", 0, --ISNUMBER(SEARCH(Calc!$G$2, tblDocuments[[#This Row],[Boost Key]]))) + IF(Calc!$H$2 = "", 0, --ISNUMBER(SEARCH(Calc!$H$2, tblDocuments[[#This Row],[Boost Key]]))) + IF(Calc!$I$2 = "", 0, --ISNUMBER(SEARCH(Calc!$I$2, tblDocuments[[#This Row],[Boost Key]]))) + IF(Calc!$J$2 = "", 0, --ISNUMBER(SEARCH(Calc!$J$2, tblDocuments[[#This Row],[Boost Key]]))) + IF(Calc!$K$2 = "", 0, --ISNUMBER(SEARCH(Calc!$K$2, tblDocuments[[#This Row],[Boost Key]])))) * 3 + tblDocuments[[#This Row],[Hits]] * 2 -> 0 | M106: =IF(ScopeOverride = 1, 1, tblDocuments[[#This Row],[Visible]] * --(((TRIM(SelScope & "") = "") + (TRIM(SelScope & "") = "All") + (tblDocuments[[#This Row],[Scope Group]] = TRIM(SelScope & ""))) > 0)) -> 1 | N106: =IF(tblDocuments[[#This Row],[In Scope]] * IF(TermCount = 0, 1, IF(BestHits > 0, --(tblDocuments[[#This Row],[Hits]] = BestHits), 0)) = 1, tblDocuments[[#This Row],[Score]] * 2000000 + (2000000 - ROW()), -1) -> 1999894 | O106: =IF(TRIM(tblDocuments[[#This Row],[Document Name]] & "") = "", "(untitled document)", TRIM(tblDocuments[[#This Row],[Document Name]] & "")) & IF(LEFT(LOWER(TRIM(tblDocuments[[#This Row],[Document Link]] & "")), 4) = "http", "", " (no link)") -> Unfiled Legacy Platform Notes | P106: =IF(LEFT(LOWER(TRIM(tblDocuments[[#This Row],[Document Link]] & "")), 4) = "http", TRIM(tblDocuments[[#This Row],[Document Link]] & ""), "") -> https://contoso.sharepoint.com/sites/AVSProgram/Shared%20Documents/Unfiled/Unfiled-Legacy-Platform-Notes.docx
A107: Network | B107: Guide | C107: VLAN to Overlay Migration Notes | D107: https://contoso.sharepoint.com/sites/AVSProgram/Shared%20Documents/Network/VLAN-to-Overlay-Migration-Notes.docx | E107: Working notes on moving remaining VLAN backed port groups onto NSX-T overlay segments. | G107: =IF(TRIM(tblDocuments[[#This Row],[Scope]] & "") = "", "(Unspecified)", TRIM(tblDocuments[[#This Row],[Scope]] & "")) -> Network | H107: =SUBTOTAL(103, tblDocuments[[#This Row],[Scope Group]]) -> 1 | I107: =" "&TRIM(SUBSTITUTE(SUBSTITUTE(SUBSTITUTE(SUBSTITUTE(SUBSTITUTE(SUBSTITUTE(SUBSTITUTE(SUBSTITUTE(SUBSTITUTE(SUBSTITUTE(SUBSTITUTE(SUBSTITUTE(SUBSTITUTE(SUBSTITUTE(SUBSTITUTE(SUBSTITUTE(SUBSTITUTE(SUBSTITUTE(SUBSTITUTE(SUBSTITUTE(SUBSTITUTE(SUBSTITUTE(SUBSTITUTE(SUBSTITUTE(SUBSTITUTE(SUBSTITUTE(SUBSTITUTE(SUBSTITUTE(SUBSTITUTE(SUBSTITUTE(SUBSTITUTE(SUBSTITUTE(LOWER(tblDocuments[[#This Row],[Scope]] & " " & tblDocuments[[#This Row],[Document Type]] & " " & tblDocuments[[#This Row],[Document Name]] & " " & tblDocuments[[#This Row],[Description]] & " " & tblDocuments[[#This Row],[Keywords]]),","," "),";"," "),"/"," "),"\"," "),"-"," "),"_"," "),"("," "),")"," "),"["," "),"]"," "),"{"," "),"}"," "),"."," "),":"," "),"'"," "),"|"," "),"+"," "),"&"," "),"*"," "),"?"," "),"~"," "),"#"," "),"!"," "),"@"," "),"<"," "),">"," "),"="," "),CHAR(34)," "),CHAR(9)," "),CHAR(10)," "),CHAR(13)," "),CHAR(160)," "))&" " -> network guide vlan to overlay migration notes working notes on moving remaining vlan backed port groups onto nsx t overlay segments | J107: =" "&TRIM(SUBSTITUTE(SUBSTITUTE(SUBSTITUTE(SUBSTITUTE(SUBSTITUTE(SUBSTITUTE(SUBSTITUTE(SUBSTITUTE(SUBSTITUTE(SUBSTITUTE(SUBSTITUTE(SUBSTITUTE(SUBSTITUTE(SUBSTITUTE(SUBSTITUTE(SUBSTITUTE(SUBSTITUTE(SUBSTITUTE(SUBSTITUTE(SUBSTITUTE(SUBSTITUTE(SUBSTITUTE(SUBSTITUTE(SUBSTITUTE(SUBSTITUTE(SUBSTITUTE(SUBSTITUTE(SUBSTITUTE(SUBSTITUTE(SUBSTITUTE(SUBSTITUTE(SUBSTITUTE(LOWER(tblDocuments[[#This Row],[Document Name]] & " " & tblDocuments[[#This Row],[Keywords]] & " " & tblDocuments[[#This Row],[Document Type]] & " " & tblDocuments[[#This Row],[Scope]]),","," "),";"," "),"/"," "),"\"," "),"-"," "),"_"," "),"("," "),")"," "),"["," "),"]"," "),"{"," "),"}"," "),"."," "),":"," "),"'"," "),"|"," "),"+"," "),"&"," "),"*"," "),"?"," "),"~"," "),"#"," "),"!"," "),"@"," "),"<"," "),">"," "),"="," "),CHAR(34)," "),CHAR(9)," "),CHAR(10)," "),CHAR(13)," "),CHAR(160)," "))&" " -> vlan to overlay migration notes guide network | K107: =(IF(Calc!$D$2 = "", 0, --ISNUMBER(SEARCH(Calc!$D$2, tblDocuments[[#This Row],[Search Key]]))) + IF(Calc!$E$2 = "", 0, --ISNUMBER(SEARCH(Calc!$E$2, tblDocuments[[#This Row],[Search Key]]))) + IF(Calc!$F$2 = "", 0, --ISNUMBER(SEARCH(Calc!$F$2, tblDocuments[[#This Row],[Search Key]]))) + IF(Calc!$G$2 = "", 0, --ISNUMBER(SEARCH(Calc!$G$2, tblDocuments[[#This Row],[Search Key]]))) + IF(Calc!$H$2 = "", 0, --ISNUMBER(SEARCH(Calc!$H$2, tblDocuments[[#This Row],[Search Key]]))) + IF(Calc!$I$2 = "", 0, --ISNUMBER(SEARCH(Calc!$I$2, tblDocuments[[#This Row],[Search Key]]))) + IF(Calc!$J$2 = "", 0, --ISNUMBER(SEARCH(Calc!$J$2, tblDocuments[[#This Row],[Search Key]]))) + IF(Calc!$K$2 = "", 0, --ISNUMBER(SEARCH(Calc!$K$2, tblDocuments[[#This Row],[Search Key]])))) -> 0 | L107: =IF(TermCount < 2, 0, --ISNUMBER(SEARCH(Calc!$B$3, tblDocuments[[#This Row],[Search Key]]))) * 10 + (IF(Calc!$D$2 = "", 0, --ISNUMBER(SEARCH(" " & Calc!$D$2 & " ", tblDocuments[[#This Row],[Boost Key]]))) + IF(Calc!$E$2 = "", 0, --ISNUMBER(SEARCH(" " & Calc!$E$2 & " ", tblDocuments[[#This Row],[Boost Key]]))) + IF(Calc!$F$2 = "", 0, --ISNUMBER(SEARCH(" " & Calc!$F$2 & " ", tblDocuments[[#This Row],[Boost Key]]))) + IF(Calc!$G$2 = "", 0, --ISNUMBER(SEARCH(" " & Calc!$G$2 & " ", tblDocuments[[#This Row],[Boost Key]]))) + IF(Calc!$H$2 = "", 0, --ISNUMBER(SEARCH(" " & Calc!$H$2 & " ", tblDocuments[[#This Row],[Boost Key]]))) + IF(Calc!$I$2 = "", 0, --ISNUMBER(SEARCH(" " & Calc!$I$2 & " ", tblDocuments[[#This Row],[Boost Key]]))) + IF(Calc!$J$2 = "", 0, --ISNUMBER(SEARCH(" " & Calc!$J$2 & " ", tblDocuments[[#This Row],[Boost Key]]))) + IF(Calc!$K$2 = "", 0, --ISNUMBER(SEARCH(" " & Calc!$K$2 & " ", tblDocuments[[#This Row],[Boost Key]])))) * 4 + (IF(Calc!$D$2 = "", 0, --ISNUMBER(SEARCH(Calc!$D$2, tblDocuments[[#This Row],[Boost Key]]))) + IF(Calc!$E$2 = "", 0, --ISNUMBER(SEARCH(Calc!$E$2, tblDocuments[[#This Row],[Boost Key]]))) + IF(Calc!$F$2 = "", 0, --ISNUMBER(SEARCH(Calc!$F$2, tblDocuments[[#This Row],[Boost Key]]))) + IF(Calc!$G$2 = "", 0, --ISNUMBER(SEARCH(Calc!$G$2, tblDocuments[[#This Row],[Boost Key]]))) + IF(Calc!$H$2 = "", 0, --ISNUMBER(SEARCH(Calc!$H$2, tblDocuments[[#This Row],[Boost Key]]))) + IF(Calc!$I$2 = "", 0, --ISNUMBER(SEARCH(Calc!$I$2, tblDocuments[[#This Row],[Boost Key]]))) + IF(Calc!$J$2 = "", 0, --ISNUMBER(SEARCH(Calc!$J$2, tblDocuments[[#This Row],[Boost Key]]))) + IF(Calc!$K$2 = "", 0, --ISNUMBER(SEARCH(Calc!$K$2, tblDocuments[[#This Row],[Boost Key]])))) * 3 + tblDocuments[[#This Row],[Hits]] * 2 -> 0 | M107: =IF(ScopeOverride = 1, 1, tblDocuments[[#This Row],[Visible]] * --(((TRIM(SelScope & "") = "") + (TRIM(SelScope & "") = "All") + (tblDocuments[[#This Row],[Scope Group]] = TRIM(SelScope & ""))) > 0)) -> 1 | N107: =IF(tblDocuments[[#This Row],[In Scope]] * IF(TermCount = 0, 1, IF(BestHits > 0, --(tblDocuments[[#This Row],[Hits]] = BestHits), 0)) = 1, tblDocuments[[#This Row],[Score]] * 2000000 + (2000000 - ROW()), -1) -> 1999893 | O107: =IF(TRIM(tblDocuments[[#This Row],[Document Name]] & "") = "", "(untitled document)", TRIM(tblDocuments[[#This Row],[Document Name]] & "")) & IF(LEFT(LOWER(TRIM(tblDocuments[[#This Row],[Document Link]] & "")), 4) = "http", "", " (no link)") -> VLAN to Overlay Migration Notes | P107: =IF(LEFT(LOWER(TRIM(tblDocuments[[#This Row],[Document Link]] & "")), 4) = "http", TRIM(tblDocuments[[#This Row],[Document Link]] & ""), "") -> https://contoso.sharepoint.com/sites/AVSProgram/Shared%20Documents/Network/VLAN-to-Overlay-Migration-Notes.docx
